fastq_header,locus,step,nReads
PCR1_NNNNACACACAC,all_loci,demultiplexing,49337
PCR1_NNNACACAGCA,all_loci,demultiplexing,36114
PCR1_NNAGCGCTCG,all_loci,demultiplexing,38182
PCR1_NNNNATGTCTGC,all_loci,demultiplexing,37126
PCR1_NNNGTGCAGAC,all_loci,demultiplexing,46155
PCR1_NNTAGCAGTG,all_loci,demultiplexing,37411
PCR1_NNNNTCATATAC,all_loci,demultiplexing,94047
PCR1_NNNGCGTCAGA,all_loci,demultiplexing,66561
PCR1_NNGACACACG,all_loci,demultiplexing,51027
PCR1_NNNNGACAGAGC,all_loci,demultiplexing,40574
PCR1_NNNTCATCTGA,all_loci,demultiplexing,55463
PCR1_NNTGTAGACT,all_loci,demultiplexing,49749
PCR1_NNNNGTACTAGT,all_loci,demultiplexing,54051
PCR1_NNNGACATATA,all_loci,demultiplexing,38097
PCR1_NNACAGTCGT,all_loci,demultiplexing,49516
PCR1_NNNNTCGACTCT,all_loci,demultiplexing,44840
PCR1_NNNGTGTCGTC,all_loci,demultiplexing,56369
PCR1_NNTGTCACAC,all_loci,demultiplexing,39744
PCR1_NNNNGCGTATGT,all_loci,demultiplexing,60340
PCR1_NNNACGACACG,all_loci,demultiplexing,36021
PCR1_NNGACGCTAG,all_loci,demultiplexing,42090
PCR1_NNNNTGTCTATC,all_loci,demultiplexing,45060
PCR1_NNNGACGTCTG,all_loci,demultiplexing,37829
PCR1_NNAGTCAGAT,all_loci,demultiplexing,51208
PCR1_NNNNGCGACGTG,all_loci,demultiplexing,147648
PCR1_NNNAGCGAGTC,all_loci,demultiplexing,73189
PCR1_NNATGTCGAG,all_loci,demultiplexing,34784
PCR1_NNNNGCGAGTAG,all_loci,demultiplexing,55972
PCR1_NNNACACTAGC,all_loci,demultiplexing,54797
PCR1_NNTCATACGT,all_loci,demultiplexing,29068
PCR1_NNNNAGCTATAG,all_loci,demultiplexing,36566
PCR1_NNNACAGACTA,all_loci,demultiplexing,34084
PCR1_NNACAGAGAG,all_loci,demultiplexing,31081
PCR1_NNNNGACAGCAG,all_loci,demultiplexing,30734
PCR1_NNNACAGCGTC,all_loci,demultiplexing,185315
PCR1_NNAGCTGACG,all_loci,demultiplexing,42726
PCR1_NNNNGACATCGT,all_loci,demultiplexing,32868
PCR1_NNNGTGCACTA,all_loci,demultiplexing,32304
PCR1_NNATCGCAGT,all_loci,demultiplexing,982
PCR1_NNNNACATATCG,all_loci,demultiplexing,38363
PCR1_NNNGACGAGCA,all_loci,demultiplexing,51513
PCR1_NNGCGTACAC,all_loci,demultiplexing,27543
PCR1_NNNNACATGATA,all_loci,demultiplexing,38817
PCR1_NNNACATGCAG,all_loci,demultiplexing,42158
PCR1_NNGACGTACT,all_loci,demultiplexing,25040
PCR1_NNNNACGACGAC,all_loci,demultiplexing,237798
PCR1_NNNGACTACGA,all_loci,demultiplexing,43281
PCR1_NNAGTCATCG,all_loci,demultiplexing,40471
PCR1_NNNNACACATGT,all_loci,demultiplexing,76149
PCR1_NNNACACGACG,all_loci,demultiplexing,148309
PCR1_NNTGCTCGAT,all_loci,demultiplexing,36573
PCR1_NNNNTGCTGCAC,all_loci,demultiplexing,52742
PCR1_NNNGTGCGACG,all_loci,demultiplexing,51133
PCR1_NNTGCTCAGA,all_loci,demultiplexing,52650
PCR1_NNNNGACACGAC,all_loci,demultiplexing,56406
PCR1_NNNTGTACAGC,all_loci,demultiplexing,41334
PCR1_NNTCAGTATA,all_loci,demultiplexing,29423
PCR1_NNNNTCAGTCAC,all_loci,demultiplexing,70377
PCR1_NNNACAGCTAT,all_loci,demultiplexing,41677
PCR1_NNTGTAGCTA,all_loci,demultiplexing,52035
PCR1_NNNNGTGTCACT,all_loci,demultiplexing,105511
PCR1_NNNTGTATCGT,all_loci,demultiplexing,172040
PCR1_NNTAGCGATA,all_loci,demultiplexing,40109
PCR1_NNNNACATCAGT,all_loci,demultiplexing,5459
PCR1_NNNGTGTGAGC,all_loci,demultiplexing,82108
PCR1_NNTGTCAGTA,all_loci,demultiplexing,57964
PCR1_NNNNTACACGCT,all_loci,demultiplexing,41870
PCR1_NNNAGTATGTC,all_loci,demultiplexing,50730
PCR1_NNTCAGCTCG,all_loci,demultiplexing,65399
PCR1_NNNNTACAGTAC,all_loci,demultiplexing,46531
PCR1_NNNACGACTGA,all_loci,demultiplexing,53933
PCR1_NNAGTCGATA,all_loci,demultiplexing,45211
PCR1_NNNNTCGTGCTC,all_loci,demultiplexing,101886
PCR1_NNNGTACGCTG,all_loci,demultiplexing,136475
PCR1_NNACACGCGA,all_loci,demultiplexing,59778
PCR1_NNNNACACTCTG,all_loci,demultiplexing,58626
PCR1_NNNACACTGAT,all_loci,demultiplexing,69310
PCR1_NNAGCTAGCA,all_loci,demultiplexing,58832
PCR1_NNNNGACACTGA,all_loci,demultiplexing,37530
PCR1_NNNAGATCTCT,all_loci,demultiplexing,41383
PCR1_NNTGTACTAT,all_loci,demultiplexing,59558
PCR1_NNNNGACAGTCT,all_loci,demultiplexing,35410
PCR1_NNNGTGTAGCA,all_loci,demultiplexing,37663
PCR1_NNGCGCGCGC,all_loci,demultiplexing,39277
PCR1_NNNNAGTACGCT,all_loci,demultiplexing,45415
PCR1_NNNGACGACAC,all_loci,demultiplexing,48705
PCR1_NNTGTATGCA,all_loci,demultiplexing,54258
PCR1_NNNNTGTCATGT,all_loci,demultiplexing,45952
PCR1_NNNGACGCATC,all_loci,demultiplexing,65342
PCR1_NNAGTATACG,all_loci,demultiplexing,39398
PCR1_NNNNTGTGAGAG,all_loci,demultiplexing,33527
PCR1_NNACACGCGA,Locus_COI_Fwd,noprimer_,34536
PCR1_NNACACGCGA,Locus_COI_Rev,noprimer_,25055
PCR1_NNACAGAGAG,Locus_COI_Fwd,noprimer_,18978
PCR1_NNACAGAGAG,Locus_COI_Rev,noprimer_,11990
PCR1_NNACAGTCGT,Locus_COI_Fwd,noprimer_,28312
PCR1_NNACAGTCGT,Locus_COI_Rev,noprimer_,21002
PCR1_NNAGCGCTCG,Locus_COI_Fwd,noprimer_,20681
PCR1_NNAGCGCTCG,Locus_COI_Rev,noprimer_,17366
PCR1_NNAGCTAGCA,Locus_COI_Fwd,noprimer_,33331
PCR1_NNAGCTAGCA,Locus_COI_Rev,noprimer_,25294
PCR1_NNAGCTGACG,Locus_COI_Fwd,noprimer_,22950
PCR1_NNAGCTGACG,Locus_COI_Rev,noprimer_,19214
PCR1_NNAGTATACG,Locus_COI_Fwd,noprimer_,22335
PCR1_NNAGTATACG,Locus_COI_Rev,noprimer_,16949
PCR1_NNAGTCAGAT,Locus_COI_Fwd,noprimer_,29876
PCR1_NNAGTCAGAT,Locus_COI_Rev,noprimer_,21099
PCR1_NNAGTCATCG,Locus_COI_Fwd,noprimer_,22666
PCR1_NNAGTCATCG,Locus_COI_Rev,noprimer_,17627
PCR1_NNAGTCGATA,Locus_COI_Fwd,noprimer_,29011
PCR1_NNAGTCGATA,Locus_COI_Rev,noprimer_,15993
PCR1_NNATCGCAGT,Locus_COI_Fwd,noprimer_,519
PCR1_NNATCGCAGT,Locus_COI_Rev,noprimer_,461
PCR1_NNATGTCGAG,Locus_COI_Fwd,noprimer_,19989
PCR1_NNATGTCGAG,Locus_COI_Rev,noprimer_,14711
PCR1_NNGACACACG,Locus_COI_Fwd,noprimer_,27864
PCR1_NNGACACACG,Locus_COI_Rev,noprimer_,22870
PCR1_NNGACGCTAG,Locus_COI_Fwd,noprimer_,23087
PCR1_NNGACGCTAG,Locus_COI_Rev,noprimer_,18894
PCR1_NNGACGTACT,Locus_COI_Fwd,noprimer_,13715
PCR1_NNGACGTACT,Locus_COI_Rev,noprimer_,11243
PCR1_NNGCGCGCGC,Locus_COI_Fwd,noprimer_,21853
PCR1_NNGCGCGCGC,Locus_COI_Rev,noprimer_,17317
PCR1_NNGCGTACAC,Locus_COI_Fwd,noprimer_,16743
PCR1_NNGCGTACAC,Locus_COI_Rev,noprimer_,10701
PCR1_NNNACACAGCA,Locus_COI_Fwd,noprimer_,19916
PCR1_NNNACACAGCA,Locus_COI_Rev,noprimer_,16043
PCR1_NNNACACGACG,Locus_COI_Fwd,noprimer_,81657
PCR1_NNNACACGACG,Locus_COI_Rev,noprimer_,65823
PCR1_NNNACACTAGC,Locus_COI_Fwd,noprimer_,29793
PCR1_NNNACACTAGC,Locus_COI_Rev,noprimer_,24637
PCR1_NNNACACTGAT,Locus_COI_Fwd,noprimer_,38730
PCR1_NNNACACTGAT,Locus_COI_Rev,noprimer_,30296
PCR1_NNNACAGACTA,Locus_COI_Fwd,noprimer_,21420
PCR1_NNNACAGACTA,Locus_COI_Rev,noprimer_,12460
PCR1_NNNACAGCGTC,Locus_COI_Fwd,noprimer_,104312
PCR1_NNNACAGCGTC,Locus_COI_Rev,noprimer_,77505
PCR1_NNNACAGCTAT,Locus_COI_Fwd,noprimer_,22370
PCR1_NNNACAGCTAT,Locus_COI_Rev,noprimer_,19102
PCR1_NNNACATGCAG,Locus_COI_Fwd,noprimer_,23576
PCR1_NNNACATGCAG,Locus_COI_Rev,noprimer_,18483
PCR1_NNNACGACACG,Locus_COI_Fwd,noprimer_,20225
PCR1_NNNACGACACG,Locus_COI_Rev,noprimer_,15650
PCR1_NNNACGACTGA,Locus_COI_Fwd,noprimer_,32253
PCR1_NNNACGACTGA,Locus_COI_Rev,noprimer_,21401
PCR1_NNNAGATCTCT,Locus_COI_Fwd,noprimer_,22684
PCR1_NNNAGATCTCT,Locus_COI_Rev,noprimer_,18541
PCR1_NNNAGCGAGTC,Locus_COI_Fwd,noprimer_,45938
PCR1_NNNAGCGAGTC,Locus_COI_Rev,noprimer_,26660
PCR1_NNNAGTATGTC,Locus_COI_Fwd,noprimer_,30771
PCR1_NNNAGTATGTC,Locus_COI_Rev,noprimer_,18904
PCR1_NNNGACATATA,Locus_COI_Fwd,noprimer_,25372
PCR1_NNNGACATATA,Locus_COI_Rev,noprimer_,12558
PCR1_NNNGACGACAC,Locus_COI_Fwd,noprimer_,29469
PCR1_NNNGACGACAC,Locus_COI_Rev,noprimer_,18983
PCR1_NNNGACGAGCA,Locus_COI_Fwd,noprimer_,29411
PCR1_NNNGACGAGCA,Locus_COI_Rev,noprimer_,21823
PCR1_NNNGACGCATC,Locus_COI_Fwd,noprimer_,38649
PCR1_NNNGACGCATC,Locus_COI_Rev,noprimer_,26490
PCR1_NNNGACGTCTG,Locus_COI_Fwd,noprimer_,20919
PCR1_NNNGACGTCTG,Locus_COI_Rev,noprimer_,16786
PCR1_NNNGACTACGA,Locus_COI_Fwd,noprimer_,25187
PCR1_NNNGACTACGA,Locus_COI_Rev,noprimer_,17917
PCR1_NNNGCGTCAGA,Locus_COI_Fwd,noprimer_,39587
PCR1_NNNGCGTCAGA,Locus_COI_Rev,noprimer_,26505
PCR1_NNNGTACGCTG,Locus_COI_Fwd,noprimer_,73404
PCR1_NNNGTACGCTG,Locus_COI_Rev,noprimer_,62280
PCR1_NNNGTGCACTA,Locus_COI_Fwd,noprimer_,19122
PCR1_NNNGTGCACTA,Locus_COI_Rev,noprimer_,13047
PCR1_NNNGTGCAGAC,Locus_COI_Fwd,noprimer_,27797
PCR1_NNNGTGCAGAC,Locus_COI_Rev,noprimer_,18072
PCR1_NNNGTGCGACG,Locus_COI_Fwd,noprimer_,27883
PCR1_NNNGTGCGACG,Locus_COI_Rev,noprimer_,23062
PCR1_NNNGTGTAGCA,Locus_COI_Fwd,noprimer_,21649
PCR1_NNNGTGTAGCA,Locus_COI_Rev,noprimer_,15901
PCR1_NNNGTGTCGTC,Locus_COI_Fwd,noprimer_,32856
PCR1_NNNGTGTCGTC,Locus_COI_Rev,noprimer_,22969
PCR1_NNNGTGTGAGC,Locus_COI_Fwd,noprimer_,44727
PCR1_NNNGTGTGAGC,Locus_COI_Rev,noprimer_,36396
PCR1_NNNNACACACAC,Locus_COI_Fwd,noprimer_,28789
PCR1_NNNNACACACAC,Locus_COI_Rev,noprimer_,20319
PCR1_NNNNACACATGT,Locus_COI_Fwd,noprimer_,43254
PCR1_NNNNACACATGT,Locus_COI_Rev,noprimer_,32637
PCR1_NNNNACACTCTG,Locus_COI_Fwd,noprimer_,33001
PCR1_NNNNACACTCTG,Locus_COI_Rev,noprimer_,25202
PCR1_NNNNACATATCG,Locus_COI_Fwd,noprimer_,22500
PCR1_NNNNACATATCG,Locus_COI_Rev,noprimer_,15701
PCR1_NNNNACATCAGT,Locus_COI_Fwd,noprimer_,3117
PCR1_NNNNACATCAGT,Locus_COI_Rev,noprimer_,2322
PCR1_NNNNACATGATA,Locus_COI_Fwd,noprimer_,25698
PCR1_NNNNACATGATA,Locus_COI_Rev,noprimer_,12579
PCR1_NNNNACGACGAC,Locus_COI_Fwd,noprimer_,135040
PCR1_NNNNACGACGAC,Locus_COI_Rev,noprimer_,101405
PCR1_NNNNAGCTATAG,Locus_COI_Fwd,noprimer_,22006
PCR1_NNNNAGCTATAG,Locus_COI_Rev,noprimer_,14312
PCR1_NNNNAGTACGCT,Locus_COI_Fwd,noprimer_,23974
PCR1_NNNNAGTACGCT,Locus_COI_Rev,noprimer_,21162
PCR1_NNNNATGTCTGC,Locus_COI_Fwd,noprimer_,20029
PCR1_NNNNATGTCTGC,Locus_COI_Rev,noprimer_,16959
PCR1_NNNNGACACGAC,Locus_COI_Fwd,noprimer_,32468
PCR1_NNNNGACACGAC,Locus_COI_Rev,noprimer_,23717
PCR1_NNNNGACACTGA,Locus_COI_Fwd,noprimer_,21912
PCR1_NNNNGACACTGA,Locus_COI_Rev,noprimer_,15408
PCR1_NNNNGACAGAGC,Locus_COI_Fwd,noprimer_,22498
PCR1_NNNNGACAGAGC,Locus_COI_Rev,noprimer_,17905
PCR1_NNNNGACAGCAG,Locus_COI_Fwd,noprimer_,16522
PCR1_NNNNGACAGCAG,Locus_COI_Rev,noprimer_,13996
PCR1_NNNNGACAGTCT,Locus_COI_Fwd,noprimer_,19450
PCR1_NNNNGACAGTCT,Locus_COI_Rev,noprimer_,15716
PCR1_NNNNGACATCGT,Locus_COI_Fwd,noprimer_,18603
PCR1_NNNNGACATCGT,Locus_COI_Rev,noprimer_,14178
PCR1_NNNNGCGACGTG,Locus_COI_Fwd,noprimer_,77814
PCR1_NNNNGCGACGTG,Locus_COI_Rev,noprimer_,66631
PCR1_NNNNGCGAGTAG,Locus_COI_Fwd,noprimer_,32910
PCR1_NNNNGCGAGTAG,Locus_COI_Rev,noprimer_,22770
PCR1_NNNNGCGTATGT,Locus_COI_Fwd,noprimer_,35002
PCR1_NNNNGCGTATGT,Locus_COI_Rev,noprimer_,24505
PCR1_NNNNGTACTAGT,Locus_COI_Fwd,noprimer_,29444
PCR1_NNNNGTACTAGT,Locus_COI_Rev,noprimer_,24410
PCR1_NNNNGTGTCACT,Locus_COI_Fwd,noprimer_,57624
PCR1_NNNNGTGTCACT,Locus_COI_Rev,noprimer_,47498
PCR1_NNNNTACACGCT,Locus_COI_Fwd,noprimer_,21923
PCR1_NNNNTACACGCT,Locus_COI_Rev,noprimer_,19450
PCR1_NNNNTACAGTAC,Locus_COI_Fwd,noprimer_,28290
PCR1_NNNNTACAGTAC,Locus_COI_Rev,noprimer_,17789
PCR1_NNNNTCAGTCAC,Locus_COI_Fwd,noprimer_,42133
PCR1_NNNNTCAGTCAC,Locus_COI_Rev,noprimer_,27560
PCR1_NNNNTCATATAC,Locus_COI_Fwd,noprimer_,61346
PCR1_NNNNTCATATAC,Locus_COI_Rev,noprimer_,32231
PCR1_NNNNTCGACTCT,Locus_COI_Fwd,noprimer_,24582
PCR1_NNNNTCGACTCT,Locus_COI_Rev,noprimer_,20116
PCR1_NNNNTCGTGCTC,Locus_COI_Fwd,noprimer_,59111
PCR1_NNNNTCGTGCTC,Locus_COI_Rev,noprimer_,42376
PCR1_NNNNTGCTGCAC,Locus_COI_Fwd,noprimer_,29829
PCR1_NNNNTGCTGCAC,Locus_COI_Rev,noprimer_,22679
PCR1_NNNNTGTCATGT,Locus_COI_Fwd,noprimer_,25626
PCR1_NNNNTGTCATGT,Locus_COI_Rev,noprimer_,20192
PCR1_NNNNTGTCTATC,Locus_COI_Fwd,noprimer_,26887
PCR1_NNNNTGTCTATC,Locus_COI_Rev,noprimer_,17904
PCR1_NNNNTGTGAGAG,Locus_COI_Fwd,noprimer_,20507
PCR1_NNNNTGTGAGAG,Locus_COI_Rev,noprimer_,12488
PCR1_NNNTCATCTGA,Locus_COI_Fwd,noprimer_,32108
PCR1_NNNTCATCTGA,Locus_COI_Rev,noprimer_,23082
PCR1_NNNTGTACAGC,Locus_COI_Fwd,noprimer_,22121
PCR1_NNNTGTACAGC,Locus_COI_Rev,noprimer_,19054
PCR1_NNNTGTATCGT,Locus_COI_Fwd,noprimer_,98030
PCR1_NNNTGTATCGT,Locus_COI_Rev,noprimer_,73055
PCR1_NNTAGCAGTG,Locus_COI_Fwd,noprimer_,19886
PCR1_NNTAGCAGTG,Locus_COI_Rev,noprimer_,16747
PCR1_NNTAGCGATA,Locus_COI_Fwd,noprimer_,26100
PCR1_NNTAGCGATA,Locus_COI_Rev,noprimer_,13924
PCR1_NNTCAGCTCG,Locus_COI_Fwd,noprimer_,35932
PCR1_NNTCAGCTCG,Locus_COI_Rev,noprimer_,29207
PCR1_NNTCAGTATA,Locus_COI_Fwd,noprimer_,19658
PCR1_NNTCAGTATA,Locus_COI_Rev,noprimer_,9674
PCR1_NNTCATACGT,Locus_COI_Fwd,noprimer_,16477
PCR1_NNTCATACGT,Locus_COI_Rev,noprimer_,12480
PCR1_NNTGCTCAGA,Locus_COI_Fwd,noprimer_,31176
PCR1_NNTGCTCAGA,Locus_COI_Rev,noprimer_,21343
PCR1_NNTGCTCGAT,Locus_COI_Fwd,noprimer_,21317
PCR1_NNTGCTCGAT,Locus_COI_Rev,noprimer_,15177
PCR1_NNTGTACTAT,Locus_COI_Fwd,noprimer_,34923
PCR1_NNTGTACTAT,Locus_COI_Rev,noprimer_,24269
PCR1_NNTGTAGACT,Locus_COI_Fwd,noprimer_,27971
PCR1_NNTGTAGACT,Locus_COI_Rev,noprimer_,21489
PCR1_NNTGTAGCTA,Locus_COI_Fwd,noprimer_,29653
PCR1_NNTGTAGCTA,Locus_COI_Rev,noprimer_,22195
PCR1_NNTGTATGCA,Locus_COI_Fwd,noprimer_,33648
PCR1_NNTGTATGCA,Locus_COI_Rev,noprimer_,20256
PCR1_NNTGTCACAC,Locus_COI_Fwd,noprimer_,23732
PCR1_NNTGTCACAC,Locus_COI_Rev,noprimer_,15769
PCR1_NNTGTCAGTA,Locus_COI_Fwd,noprimer_,34294
PCR1_NNTGTCAGTA,Locus_COI_Rev,noprimer_,23303
PCR2_NNNGCTACACT,all_loci,demultiplexing,60621
PCR2_NNNNACACACAC,all_loci,demultiplexing,53853
PCR2_NNNACACAGCA,all_loci,demultiplexing,40995
PCR2_NNAGCGCTCG,all_loci,demultiplexing,75299
PCR2_NNNNATGTCTGC,all_loci,demultiplexing,43703
PCR2_NNNGTGCAGAC,all_loci,demultiplexing,44837
PCR2_NNTAGCAGTG,all_loci,demultiplexing,46929
PCR2_NNNNTCATATAC,all_loci,demultiplexing,37234
PCR2_NNNGCGTCAGA,all_loci,demultiplexing,49313
PCR2_NNGACACACG,all_loci,demultiplexing,48713
PCR2_NNNNGACAGAGC,all_loci,demultiplexing,40285
PCR2_NNNTCATCTGA,all_loci,demultiplexing,50987
PCR2_NNTGTAGACT,all_loci,demultiplexing,66656
PCR2_NNNNGTACTAGT,all_loci,demultiplexing,52753
PCR2_NNNGACATATA,all_loci,demultiplexing,42728
PCR2_NNACAGTCGT,all_loci,demultiplexing,60834
PCR2_NNNNTCGACTCT,all_loci,demultiplexing,64120
PCR2_NNNGTGTCGTC,all_loci,demultiplexing,54645
PCR2_NNTGTCACAC,all_loci,demultiplexing,65210
PCR2_NNNNGCGTATGT,all_loci,demultiplexing,54833
PCR2_NNNACGACACG,all_loci,demultiplexing,42989
PCR2_NNGACGCTAG,all_loci,demultiplexing,41570
PCR2_NNNNTGTCTATC,all_loci,demultiplexing,48562
PCR2_NNNGACGTCTG,all_loci,demultiplexing,57509
PCR2_NNAGTCAGAT,all_loci,demultiplexing,62681
PCR2_NNNNGCGACGTG,all_loci,demultiplexing,42510
PCR2_NNNAGCGAGTC,all_loci,demultiplexing,26781
PCR2_NNATGTCGAG,all_loci,demultiplexing,57108
PCR2_NNNNGCGAGTAG,all_loci,demultiplexing,55178
PCR2_NNNACACTAGC,all_loci,demultiplexing,53236
PCR2_NNTCATACGT,all_loci,demultiplexing,60902
PCR2_NNNNAGCTATAG,all_loci,demultiplexing,36919
PCR2_NNNACAGACTA,all_loci,demultiplexing,42650
PCR2_NNACAGAGAG,all_loci,demultiplexing,45828
PCR2_NNNNGACAGCAG,all_loci,demultiplexing,40698
PCR2_NNNACAGCGTC,all_loci,demultiplexing,54299
PCR2_NNAGCTGACG,all_loci,demultiplexing,62165
PCR2_NNNNGACATCGT,all_loci,demultiplexing,28458
PCR2_NNNGTGCACTA,all_loci,demultiplexing,30280
PCR2_NNATCGCAGT,all_loci,demultiplexing,55988
PCR2_NNNNACATATCG,all_loci,demultiplexing,41315
PCR2_NNNGACGAGCA,all_loci,demultiplexing,50942
PCR2_NNGCGTACAC,all_loci,demultiplexing,62707
PCR2_NNNNACATGATA,all_loci,demultiplexing,32299
PCR2_NNNACATGCAG,all_loci,demultiplexing,44805
PCR2_NNGACGTACT,all_loci,demultiplexing,37018
PCR2_NNNNACGACGAC,all_loci,demultiplexing,61325
PCR2_NNNGACTACGA,all_loci,demultiplexing,52219
PCR2_NNAGTCATCG,all_loci,demultiplexing,70701
PCR2_NNNNACACATGT,all_loci,demultiplexing,25682
PCR2_NNNACACGACG,all_loci,demultiplexing,53107
PCR2_NNTGCTCGAT,all_loci,demultiplexing,106496
PCR2_NNNNTGCTGCAC,all_loci,demultiplexing,60182
PCR2_NNNGTGCGACG,all_loci,demultiplexing,47360
PCR2_NNTGCTCAGA,all_loci,demultiplexing,67480
PCR2_NNNNGACACGAC,all_loci,demultiplexing,51422
PCR2_NNNTGTACAGC,all_loci,demultiplexing,76681
PCR2_NNTCAGTATA,all_loci,demultiplexing,61018
PCR2_NNNNTCAGTCAC,all_loci,demultiplexing,54456
PCR2_NNNACAGCTAT,all_loci,demultiplexing,58487
PCR2_NNTGTAGCTA,all_loci,demultiplexing,70017
PCR2_NNNNGTGTCACT,all_loci,demultiplexing,68220
PCR2_NNNTGTATCGT,all_loci,demultiplexing,83829
PCR2_NNTAGCGATA,all_loci,demultiplexing,49337
PCR2_NNNNACATCAGT,all_loci,demultiplexing,38212
PCR2_NNNGTGTGAGC,all_loci,demultiplexing,51624
PCR2_NNTGTCAGTA,all_loci,demultiplexing,76566
PCR2_NNNNTACACGCT,all_loci,demultiplexing,39307
PCR2_NNNAGTATGTC,all_loci,demultiplexing,41806
PCR2_NNTCAGCTCG,all_loci,demultiplexing,78916
PCR2_NNNNTACAGTAC,all_loci,demultiplexing,48191
PCR2_NNNACGACTGA,all_loci,demultiplexing,54340
PCR2_NNAGTCGATA,all_loci,demultiplexing,60725
PCR2_NNNNTCGTGCTC,all_loci,demultiplexing,65903
PCR2_NNNGTACGCTG,all_loci,demultiplexing,57949
PCR2_NNACACGCGA,all_loci,demultiplexing,69337
PCR2_NNNNACACTCTG,all_loci,demultiplexing,219667
PCR2_NNNACACTGAT,all_loci,demultiplexing,73588
PCR2_NNAGCTAGCA,all_loci,demultiplexing,83758
PCR2_NNNNGACACTGA,all_loci,demultiplexing,42237
PCR2_NNNAGATCTCT,all_loci,demultiplexing,67701
PCR2_NNTGTACTAT,all_loci,demultiplexing,74121
PCR2_NNNNGACAGTCT,all_loci,demultiplexing,54348
PCR2_NNNGTGTAGCA,all_loci,demultiplexing,203073
PCR2_NNGCGCGCGC,all_loci,demultiplexing,73929
PCR2_NNNNAGTACGCT,all_loci,demultiplexing,60442
PCR2_NNNGACGACAC,all_loci,demultiplexing,49678
PCR2_NNTGTATGCA,all_loci,demultiplexing,39067
PCR2_NNNNTGTCATGT,all_loci,demultiplexing,84488
PCR2_NNNGACGCATC,all_loci,demultiplexing,51574
PCR2_NNAGTATACG,all_loci,demultiplexing,60691
PCR2_NNACACGCGA,Locus_COI_Fwd,noprimer_,39359
PCR2_NNACACGCGA,Locus_COI_Rev,noprimer_,29557
PCR2_NNACAGAGAG,Locus_COI_Fwd,noprimer_,27061
PCR2_NNACAGAGAG,Locus_COI_Rev,noprimer_,18458
PCR2_NNACAGTCGT,Locus_COI_Fwd,noprimer_,34239
PCR2_NNACAGTCGT,Locus_COI_Rev,noprimer_,25944
PCR2_NNAGCGCTCG,Locus_COI_Fwd,noprimer_,40551
PCR2_NNAGCGCTCG,Locus_COI_Rev,noprimer_,34535
PCR2_NNAGCTAGCA,Locus_COI_Fwd,noprimer_,46467
PCR2_NNAGCTAGCA,Locus_COI_Rev,noprimer_,37061
PCR2_NNAGCTGACG,Locus_COI_Fwd,noprimer_,33718
PCR2_NNAGCTGACG,Locus_COI_Rev,noprimer_,27891
PCR2_NNAGTATACG,Locus_COI_Fwd,noprimer_,33242
PCR2_NNAGTATACG,Locus_COI_Rev,noprimer_,27004
PCR2_NNAGTCAGAT,Locus_COI_Fwd,noprimer_,35704
PCR2_NNAGTCAGAT,Locus_COI_Rev,noprimer_,26629
PCR2_NNAGTCATCG,Locus_COI_Fwd,noprimer_,38967
PCR2_NNAGTCATCG,Locus_COI_Rev,noprimer_,31403
PCR2_NNAGTCGATA,Locus_COI_Fwd,noprimer_,37553
PCR2_NNAGTCGATA,Locus_COI_Rev,noprimer_,22858
PCR2_NNATCGCAGT,Locus_COI_Fwd,noprimer_,29195
PCR2_NNATCGCAGT,Locus_COI_Rev,noprimer_,26591
PCR2_NNATGTCGAG,Locus_COI_Fwd,noprimer_,32045
PCR2_NNATGTCGAG,Locus_COI_Rev,noprimer_,24937
PCR2_NNGACACACG,Locus_COI_Fwd,noprimer_,25907
PCR2_NNGACACACG,Locus_COI_Rev,noprimer_,22450
PCR2_NNGACGCTAG,Locus_COI_Fwd,noprimer_,22274
PCR2_NNGACGCTAG,Locus_COI_Rev,noprimer_,19159
PCR2_NNGACGTACT,Locus_COI_Fwd,noprimer_,19827
PCR2_NNGACGTACT,Locus_COI_Rev,noprimer_,16951
PCR2_NNGCGCGCGC,Locus_COI_Fwd,noprimer_,40758
PCR2_NNGCGCGCGC,Locus_COI_Rev,noprimer_,32976
PCR2_NNGCGTACAC,Locus_COI_Fwd,noprimer_,37020
PCR2_NNGCGTACAC,Locus_COI_Rev,noprimer_,25490
PCR2_NNNACACAGCA,Locus_COI_Fwd,noprimer_,21790
PCR2_NNNACACAGCA,Locus_COI_Rev,noprimer_,18672
PCR2_NNNACACGACG,Locus_COI_Fwd,noprimer_,28714
PCR2_NNNACACGACG,Locus_COI_Rev,noprimer_,24100
PCR2_NNNACACTAGC,Locus_COI_Fwd,noprimer_,28743
PCR2_NNNACACTAGC,Locus_COI_Rev,noprimer_,24116
PCR2_NNNACACTGAT,Locus_COI_Fwd,noprimer_,39875
PCR2_NNNACACTGAT,Locus_COI_Rev,noprimer_,33471
PCR2_NNNACAGACTA,Locus_COI_Fwd,noprimer_,25836
PCR2_NNNACAGACTA,Locus_COI_Rev,noprimer_,16420
PCR2_NNNACAGCGTC,Locus_COI_Fwd,noprimer_,29996
PCR2_NNNACAGCGTC,Locus_COI_Rev,noprimer_,23229
PCR2_NNNACAGCTAT,Locus_COI_Fwd,noprimer_,31088
PCR2_NNNACAGCTAT,Locus_COI_Rev,noprimer_,27057
PCR2_NNNACATGCAG,Locus_COI_Fwd,noprimer_,24210
PCR2_NNNACATGCAG,Locus_COI_Rev,noprimer_,20301
PCR2_NNNACGACACG,Locus_COI_Fwd,noprimer_,23559
PCR2_NNNACGACACG,Locus_COI_Rev,noprimer_,19188
PCR2_NNNACGACTGA,Locus_COI_Fwd,noprimer_,31325
PCR2_NNNACGACTGA,Locus_COI_Rev,noprimer_,22512
PCR2_NNNAGATCTCT,Locus_COI_Fwd,noprimer_,36662
PCR2_NNNAGATCTCT,Locus_COI_Rev,noprimer_,30751
PCR2_NNNAGCGAGTC,Locus_COI_Fwd,noprimer_,16261
PCR2_NNNAGCGAGTC,Locus_COI_Rev,noprimer_,10254
PCR2_NNNAGTATGTC,Locus_COI_Fwd,noprimer_,24674
PCR2_NNNAGTATGTC,Locus_COI_Rev,noprimer_,16466
PCR2_NNNGACATATA,Locus_COI_Fwd,noprimer_,27415
PCR2_NNNGACATATA,Locus_COI_Rev,noprimer_,14963
PCR2_NNNGACGACAC,Locus_COI_Fwd,noprimer_,29213
PCR2_NNNGACGACAC,Locus_COI_Rev,noprimer_,19977
PCR2_NNNGACGAGCA,Locus_COI_Fwd,noprimer_,28439
PCR2_NNNGACGAGCA,Locus_COI_Rev,noprimer_,22042
PCR2_NNNGACGCATC,Locus_COI_Fwd,noprimer_,29699
PCR2_NNNGACGCATC,Locus_COI_Rev,noprimer_,21437
PCR2_NNNGACGTCTG,Locus_COI_Fwd,noprimer_,31157
PCR2_NNNGACGTCTG,Locus_COI_Rev,noprimer_,26139
PCR2_NNNGACTACGA,Locus_COI_Fwd,noprimer_,29071
PCR2_NNNGACTACGA,Locus_COI_Rev,noprimer_,22503
PCR2_NNNGCGTCAGA,Locus_COI_Fwd,noprimer_,28575
PCR2_NNNGCGTCAGA,Locus_COI_Rev,noprimer_,20266
PCR2_NNNGCTACACT,Locus_COI_Fwd,noprimer_,33607
PCR2_NNNGCTACACT,Locus_COI_Rev,noprimer_,26594
PCR2_NNNGTACGCTG,Locus_COI_Fwd,noprimer_,30431
PCR2_NNNGTACGCTG,Locus_COI_Rev,noprimer_,27397
PCR2_NNNGTGCACTA,Locus_COI_Fwd,noprimer_,17575
PCR2_NNNGTGCACTA,Locus_COI_Rev,noprimer_,12626
PCR2_NNNGTGCAGAC,Locus_COI_Fwd,noprimer_,25929
PCR2_NNNGTGCAGAC,Locus_COI_Rev,noprimer_,18359
PCR2_NNNGTGCGACG,Locus_COI_Fwd,noprimer_,25523
PCR2_NNNGTGCGACG,Locus_COI_Rev,noprimer_,21658
PCR2_NNNGTGTAGCA,Locus_COI_Fwd,noprimer_,113746
PCR2_NNNGTGTAGCA,Locus_COI_Rev,noprimer_,88331
PCR2_NNNGTGTCGTC,Locus_COI_Fwd,noprimer_,30763
PCR2_NNNGTGTCGTC,Locus_COI_Rev,noprimer_,23273
PCR2_NNNGTGTGAGC,Locus_COI_Fwd,noprimer_,27302
PCR2_NNNGTGTGAGC,Locus_COI_Rev,noprimer_,23724
PCR2_NNNNACACACAC,Locus_COI_Fwd,noprimer_,30663
PCR2_NNNNACACACAC,Locus_COI_Rev,noprimer_,22740
PCR2_NNNNACACATGT,Locus_COI_Fwd,noprimer_,14419
PCR2_NNNNACACATGT,Locus_COI_Rev,noprimer_,11168
PCR2_NNNNACACTCTG,Locus_COI_Fwd,noprimer_,120669
PCR2_NNNNACACTCTG,Locus_COI_Rev,noprimer_,97343
PCR2_NNNNACATATCG,Locus_COI_Fwd,noprimer_,23410
PCR2_NNNNACATATCG,Locus_COI_Rev,noprimer_,17610
PCR2_NNNNACATCAGT,Locus_COI_Fwd,noprimer_,20873
PCR2_NNNNACATCAGT,Locus_COI_Rev,noprimer_,17225
PCR2_NNNNACATGATA,Locus_COI_Fwd,noprimer_,20965
PCR2_NNNNACATGATA,Locus_COI_Rev,noprimer_,10860
PCR2_NNNNACGACGAC,Locus_COI_Fwd,noprimer_,34015
PCR2_NNNNACGACGAC,Locus_COI_Rev,noprimer_,26749
PCR2_NNNNAGCTATAG,Locus_COI_Fwd,noprimer_,21441
PCR2_NNNNAGCTATAG,Locus_COI_Rev,noprimer_,15161
PCR2_NNNNAGTACGCT,Locus_COI_Fwd,noprimer_,31457
PCR2_NNNNAGTACGCT,Locus_COI_Rev,noprimer_,28727
PCR2_NNNNATGTCTGC,Locus_COI_Fwd,noprimer_,23085
PCR2_NNNNATGTCTGC,Locus_COI_Rev,noprimer_,20070
PCR2_NNNNGACACGAC,Locus_COI_Fwd,noprimer_,28120
PCR2_NNNNGACACGAC,Locus_COI_Rev,noprimer_,22625
PCR2_NNNNGACACTGA,Locus_COI_Fwd,noprimer_,24106
PCR2_NNNNGACACTGA,Locus_COI_Rev,noprimer_,17934
PCR2_NNNNGACAGAGC,Locus_COI_Fwd,noprimer_,21405
PCR2_NNNNGACAGAGC,Locus_COI_Rev,noprimer_,18336
PCR2_NNNNGACAGCAG,Locus_COI_Fwd,noprimer_,21134
PCR2_NNNNGACAGCAG,Locus_COI_Rev,noprimer_,19150
PCR2_NNNNGACAGTCT,Locus_COI_Fwd,noprimer_,29116
PCR2_NNNNGACAGTCT,Locus_COI_Rev,noprimer_,24940
PCR2_NNNNGACATCGT,Locus_COI_Fwd,noprimer_,15808
PCR2_NNNNGACATCGT,Locus_COI_Rev,noprimer_,12513
PCR2_NNNNGCGACGTG,Locus_COI_Fwd,noprimer_,22055
PCR2_NNNNGCGACGTG,Locus_COI_Rev,noprimer_,19705
PCR2_NNNNGCGAGTAG,Locus_COI_Fwd,noprimer_,31219
PCR2_NNNNGCGAGTAG,Locus_COI_Rev,noprimer_,23460
PCR2_NNNNGCGTATGT,Locus_COI_Fwd,noprimer_,31587
PCR2_NNNNGCGTATGT,Locus_COI_Rev,noprimer_,22877
PCR2_NNNNGTACTAGT,Locus_COI_Fwd,noprimer_,28102
PCR2_NNNNGTACTAGT,Locus_COI_Rev,noprimer_,24356
PCR2_NNNNGTGTCACT,Locus_COI_Fwd,noprimer_,36610
PCR2_NNNNGTGTCACT,Locus_COI_Rev,noprimer_,31328
PCR2_NNNNTACACGCT,Locus_COI_Fwd,noprimer_,20630
PCR2_NNNNTACACGCT,Locus_COI_Rev,noprimer_,18375
PCR2_NNNNTACAGTAC,Locus_COI_Fwd,noprimer_,28756
PCR2_NNNNTACAGTAC,Locus_COI_Rev,noprimer_,18994
PCR2_NNNNTCAGTCAC,Locus_COI_Fwd,noprimer_,31194
PCR2_NNNNTCAGTCAC,Locus_COI_Rev,noprimer_,22258
PCR2_NNNNTCATATAC,Locus_COI_Fwd,noprimer_,23378
PCR2_NNNNTCATATAC,Locus_COI_Rev,noprimer_,13641
PCR2_NNNNTCGACTCT,Locus_COI_Fwd,noprimer_,34996
PCR2_NNNNTCGACTCT,Locus_COI_Rev,noprimer_,28909
PCR2_NNNNTCGTGCTC,Locus_COI_Fwd,noprimer_,37647
PCR2_NNNNTCGTGCTC,Locus_COI_Rev,noprimer_,28152
PCR2_NNNNTGCTGCAC,Locus_COI_Fwd,noprimer_,32841
PCR2_NNNNTGCTGCAC,Locus_COI_Rev,noprimer_,26670
PCR2_NNNNTGTCATGT,Locus_COI_Fwd,noprimer_,46199
PCR2_NNNNTGTCATGT,Locus_COI_Rev,noprimer_,37982
PCR2_NNNNTGTCTATC,Locus_COI_Fwd,noprimer_,28229
PCR2_NNNNTGTCTATC,Locus_COI_Rev,noprimer_,20074
PCR2_NNNTCATCTGA,Locus_COI_Fwd,noprimer_,28738
PCR2_NNNTCATCTGA,Locus_COI_Rev,noprimer_,21740
PCR2_NNNTGTACAGC,Locus_COI_Fwd,noprimer_,39820
PCR2_NNNTGTACAGC,Locus_COI_Rev,noprimer_,34825
PCR2_NNNTGTATCGT,Locus_COI_Fwd,noprimer_,47498
PCR2_NNNTGTATCGT,Locus_COI_Rev,noprimer_,36032
PCR2_NNTAGCAGTG,Locus_COI_Fwd,noprimer_,24234
PCR2_NNTAGCAGTG,Locus_COI_Rev,noprimer_,21466
PCR2_NNTAGCGATA,Locus_COI_Fwd,noprimer_,30943
PCR2_NNTAGCGATA,Locus_COI_Rev,noprimer_,18264
PCR2_NNTCAGCTCG,Locus_COI_Fwd,noprimer_,42628
PCR2_NNTCAGCTCG,Locus_COI_Rev,noprimer_,35855
PCR2_NNTCAGTATA,Locus_COI_Fwd,noprimer_,39265
PCR2_NNTCAGTATA,Locus_COI_Rev,noprimer_,21201
PCR2_NNTCATACGT,Locus_COI_Fwd,noprimer_,32833
PCR2_NNTCATACGT,Locus_COI_Rev,noprimer_,25830
PCR2_NNTGCTCAGA,Locus_COI_Fwd,noprimer_,38402
PCR2_NNTGCTCAGA,Locus_COI_Rev,noprimer_,28809
PCR2_NNTGCTCGAT,Locus_COI_Fwd,noprimer_,59644
PCR2_NNTGCTCGAT,Locus_COI_Rev,noprimer_,46475
PCR2_NNTGTACTAT,Locus_COI_Fwd,noprimer_,43113
PCR2_NNTGTACTAT,Locus_COI_Rev,noprimer_,30715
PCR2_NNTGTAGACT,Locus_COI_Fwd,noprimer_,36533
PCR2_NNTGTAGACT,Locus_COI_Rev,noprimer_,29238
PCR2_NNTGTAGCTA,Locus_COI_Fwd,noprimer_,39037
PCR2_NNTGTAGCTA,Locus_COI_Rev,noprimer_,30339
PCR2_NNTGTATGCA,Locus_COI_Fwd,noprimer_,23692
PCR2_NNTGTATGCA,Locus_COI_Rev,noprimer_,15136
PCR2_NNTGTCACAC,Locus_COI_Fwd,noprimer_,35244
PCR2_NNTGTCACAC,Locus_COI_Rev,noprimer_,25148
PCR2_NNTGTCAGTA,Locus_COI_Fwd,noprimer_,44801
PCR2_NNTGTCAGTA,Locus_COI_Rev,noprimer_,31471
PCR3_NNNNTGTGAGAG,all_loci,demultiplexing,25317
PCR3_NNNNACACACAC,all_loci,demultiplexing,60094
PCR3_NNNACACAGCA,all_loci,demultiplexing,82834
PCR3_NNAGCGCTCG,all_loci,demultiplexing,86883
PCR3_NNNNATGTCTGC,all_loci,demultiplexing,88874
PCR3_NNNGTGCAGAC,all_loci,demultiplexing,74767
PCR3_NNTAGCAGTG,all_loci,demultiplexing,89285
PCR3_NNNNTCATATAC,all_loci,demultiplexing,44447
PCR3_NNNGCGTCAGA,all_loci,demultiplexing,111500
PCR3_NNGACACACG,all_loci,demultiplexing,89757
PCR3_NNNNGACAGAGC,all_loci,demultiplexing,53417
PCR3_NNNTCATCTGA,all_loci,demultiplexing,72285
PCR3_NNTGTAGACT,all_loci,demultiplexing,81481
PCR3_NNNNGTACTAGT,all_loci,demultiplexing,58201
PCR3_NNNGACATATA,all_loci,demultiplexing,50382
PCR3_NNACAGTCGT,all_loci,demultiplexing,73970
PCR3_NNNNTCGACTCT,all_loci,demultiplexing,81086
PCR3_NNNGTGTCGTC,all_loci,demultiplexing,112368
PCR3_NNTGTCACAC,all_loci,demultiplexing,107619
PCR3_NNNNGCGTATGT,all_loci,demultiplexing,79817
PCR3_NNNACGACACG,all_loci,demultiplexing,72243
PCR3_NNGACGCTAG,all_loci,demultiplexing,62847
PCR3_NNNNTGTCTATC,all_loci,demultiplexing,60252
PCR3_NNNGACGTCTG,all_loci,demultiplexing,83788
PCR3_NNAGTCAGAT,all_loci,demultiplexing,77544
PCR3_NNNNGCGACGTG,all_loci,demultiplexing,58878
PCR3_NNNAGCGAGTC,all_loci,demultiplexing,66854
PCR3_NNATGTCGAG,all_loci,demultiplexing,68891
PCR3_NNNNGCGAGTAG,all_loci,demultiplexing,60235
PCR3_NNNACACTAGC,all_loci,demultiplexing,74094
PCR3_NNTCATACGT,all_loci,demultiplexing,96696
PCR3_NNNNAGCTATAG,all_loci,demultiplexing,45791
PCR3_NNNACAGACTA,all_loci,demultiplexing,50319
PCR3_NNACAGAGAG,all_loci,demultiplexing,63206
PCR3_NNNNGACAGCAG,all_loci,demultiplexing,89
PCR3_NNNACAGCGTC,all_loci,demultiplexing,0
PCR3_NNAGCTGACG,all_loci,demultiplexing,3
PCR3_NNNNGACATCGT,all_loci,demultiplexing,42496
PCR3_NNNGTGCACTA,all_loci,demultiplexing,48505
PCR3_NNATCGCAGT,all_loci,demultiplexing,77803
PCR3_NNNNACATATCG,all_loci,demultiplexing,41914
PCR3_NNNGACGAGCA,all_loci,demultiplexing,73884
PCR3_NNGCGTACAC,all_loci,demultiplexing,67171
PCR3_NNNNACATGATA,all_loci,demultiplexing,53058
PCR3_NNNACATGCAG,all_loci,demultiplexing,75147
PCR3_NNGACGTACT,all_loci,demultiplexing,47367
PCR3_NNNNACGACGAC,all_loci,demultiplexing,75244
PCR3_NNNGACTACGA,all_loci,demultiplexing,66480
PCR3_NNAGTCATCG,all_loci,demultiplexing,103792
PCR3_NNNNACACATGT,all_loci,demultiplexing,79077
PCR3_NNNACACGACG,all_loci,demultiplexing,63074
PCR3_NNTGCTCGAT,all_loci,demultiplexing,95551
PCR3_NNNNTGCTGCAC,all_loci,demultiplexing,74329
PCR3_NNNGTGCGACG,all_loci,demultiplexing,62592
PCR3_NNTGCTCAGA,all_loci,demultiplexing,88716
PCR3_NNNNGACACGAC,all_loci,demultiplexing,63195
PCR3_NNNTGTACAGC,all_loci,demultiplexing,71492
PCR3_NNTCAGTATA,all_loci,demultiplexing,57038
PCR3_NNNNTCAGTCAC,all_loci,demultiplexing,92216
PCR3_NNNACAGCTAT,all_loci,demultiplexing,50476
PCR3_NNTGTAGCTA,all_loci,demultiplexing,103869
PCR3_NNNNGTGTCACT,all_loci,demultiplexing,108285
PCR3_NNNTGTATCGT,all_loci,demultiplexing,75451
PCR3_NNTAGCGATA,all_loci,demultiplexing,58040
PCR3_NNNNACATCAGT,all_loci,demultiplexing,40667
PCR3_NNNGTGTGAGC,all_loci,demultiplexing,64362
PCR3_NNTGTCAGTA,all_loci,demultiplexing,83165
PCR3_NNNNTACACGCT,all_loci,demultiplexing,59499
PCR3_NNNAGTATGTC,all_loci,demultiplexing,60732
PCR3_NNTCAGCTCG,all_loci,demultiplexing,106022
PCR3_NNNNTACAGTAC,all_loci,demultiplexing,61460
PCR3_NNNACGACTGA,all_loci,demultiplexing,79721
PCR3_NNAGTCGATA,all_loci,demultiplexing,85405
PCR3_NNNNTCGTGCTC,all_loci,demultiplexing,90731
PCR3_NNNGTACGCTG,all_loci,demultiplexing,62260
PCR3_NNACACGCGA,all_loci,demultiplexing,104115
PCR3_NNNNACACTCTG,all_loci,demultiplexing,79945
PCR3_NNNACACTGAT,all_loci,demultiplexing,110865
PCR3_NNAGCTAGCA,all_loci,demultiplexing,111500
PCR3_NNNNGACACTGA,all_loci,demultiplexing,37604
PCR3_NNNAGATCTCT,all_loci,demultiplexing,63167
PCR3_NNTGTACTAT,all_loci,demultiplexing,67383
PCR3_NNNNGACAGTCT,all_loci,demultiplexing,57099
PCR3_NNNGTGTAGCA,all_loci,demultiplexing,70368
PCR3_NNGCGCGCGC,all_loci,demultiplexing,65716
PCR3_NNNNAGTACGCT,all_loci,demultiplexing,75543
PCR3_NNNGACGACAC,all_loci,demultiplexing,92333
PCR3_NNTGTATGCA,all_loci,demultiplexing,84662
PCR3_NNNNTGTCATGT,all_loci,demultiplexing,101158
PCR3_NNNGACGCATC,all_loci,demultiplexing,136149
PCR3_NNAGTATACG,all_loci,demultiplexing,76715
PCR3_NNACACGCGA,Locus_COI_Fwd,noprimer_,58027
PCR3_NNACACGCGA,Locus_COI_Rev,noprimer_,45839
PCR3_NNACAGAGAG,Locus_COI_Fwd,noprimer_,37254
PCR3_NNACAGAGAG,Locus_COI_Rev,noprimer_,25786
PCR3_NNACAGTCGT,Locus_COI_Fwd,noprimer_,41574
PCR3_NNACAGTCGT,Locus_COI_Rev,noprimer_,32184
PCR3_NNAGCGCTCG,Locus_COI_Fwd,noprimer_,47242
PCR3_NNAGCGCTCG,Locus_COI_Rev,noprimer_,39417
PCR3_NNAGCTAGCA,Locus_COI_Fwd,noprimer_,61277
PCR3_NNAGCTAGCA,Locus_COI_Rev,noprimer_,49600
PCR3_NNAGCTGACG,Locus_COI_Fwd,noprimer_,0
PCR3_NNAGCTGACG,Locus_COI_Rev,noprimer_,3
PCR3_NNAGTATACG,Locus_COI_Fwd,noprimer_,42224
PCR3_NNAGTATACG,Locus_COI_Rev,noprimer_,34297
PCR3_NNAGTCAGAT,Locus_COI_Fwd,noprimer_,43319
PCR3_NNAGTCAGAT,Locus_COI_Rev,noprimer_,33855
PCR3_NNAGTCATCG,Locus_COI_Fwd,noprimer_,57666
PCR3_NNAGTCATCG,Locus_COI_Rev,noprimer_,45887
PCR3_NNAGTCGATA,Locus_COI_Fwd,noprimer_,52487
PCR3_NNAGTCGATA,Locus_COI_Rev,noprimer_,32583
PCR3_NNATCGCAGT,Locus_COI_Fwd,noprimer_,40600
PCR3_NNATCGCAGT,Locus_COI_Rev,noprimer_,37002
PCR3_NNATGTCGAG,Locus_COI_Fwd,noprimer_,38311
PCR3_NNATGTCGAG,Locus_COI_Rev,noprimer_,30426
PCR3_NNGACACACG,Locus_COI_Fwd,noprimer_,47772
PCR3_NNGACACACG,Locus_COI_Rev,noprimer_,41548
PCR3_NNGACGCTAG,Locus_COI_Fwd,noprimer_,33676
PCR3_NNGACGCTAG,Locus_COI_Rev,noprimer_,29009
PCR3_NNGACGTACT,Locus_COI_Fwd,noprimer_,25238
PCR3_NNGACGTACT,Locus_COI_Rev,noprimer_,21717
PCR3_NNGCGCGCGC,Locus_COI_Fwd,noprimer_,35701
PCR3_NNGCGCGCGC,Locus_COI_Rev,noprimer_,29793
PCR3_NNGCGTACAC,Locus_COI_Fwd,noprimer_,39285
PCR3_NNGCGTACAC,Locus_COI_Rev,noprimer_,27724
PCR3_NNNACACAGCA,Locus_COI_Fwd,noprimer_,44710
PCR3_NNNACACAGCA,Locus_COI_Rev,noprimer_,37841
PCR3_NNNACACGACG,Locus_COI_Fwd,noprimer_,33952
PCR3_NNNACACGACG,Locus_COI_Rev,noprimer_,28818
PCR3_NNNACACTAGC,Locus_COI_Fwd,noprimer_,39984
PCR3_NNNACACTAGC,Locus_COI_Rev,noprimer_,33732
PCR3_NNNACACTGAT,Locus_COI_Fwd,noprimer_,59473
PCR3_NNNACACTGAT,Locus_COI_Rev,noprimer_,50760
PCR3_NNNACAGACTA,Locus_COI_Fwd,noprimer_,30540
PCR3_NNNACAGACTA,Locus_COI_Rev,noprimer_,19637
iteration ,Error,Error,Error
PCR3_NNNACAGCTAT,Locus_COI_Fwd,noprimer_,26720
PCR3_NNNACAGCTAT,Locus_COI_Rev,noprimer_,23494
PCR3_NNNACATGCAG,Locus_COI_Fwd,noprimer_,40881
PCR3_NNNACATGCAG,Locus_COI_Rev,noprimer_,33908
PCR3_NNNACGACACG,Locus_COI_Fwd,noprimer_,39277
PCR3_NNNACGACACG,Locus_COI_Rev,noprimer_,32664
PCR3_NNNACGACTGA,Locus_COI_Fwd,noprimer_,44652
PCR3_NNNACGACTGA,Locus_COI_Rev,noprimer_,32932
PCR3_NNNAGATCTCT,Locus_COI_Fwd,noprimer_,34230
PCR3_NNNAGATCTCT,Locus_COI_Rev,noprimer_,28791
PCR3_NNNAGCGAGTC,Locus_COI_Fwd,noprimer_,39622
PCR3_NNNAGCGAGTC,Locus_COI_Rev,noprimer_,26660
PCR3_NNNAGTATGTC,Locus_COI_Fwd,noprimer_,36004
PCR3_NNNAGTATGTC,Locus_COI_Rev,noprimer_,23628
PCR3_NNNGACATATA,Locus_COI_Fwd,noprimer_,32528
PCR3_NNNGACATATA,Locus_COI_Rev,noprimer_,17745
PCR3_NNNGACGACAC,Locus_COI_Fwd,noprimer_,53948
PCR3_NNNGACGACAC,Locus_COI_Rev,noprimer_,38015
PCR3_NNNGACGAGCA,Locus_COI_Fwd,noprimer_,41178
PCR3_NNNGACGAGCA,Locus_COI_Rev,noprimer_,32566
PCR3_NNNGACGCATC,Locus_COI_Fwd,noprimer_,77398
PCR3_NNNGACGCATC,Locus_COI_Rev,noprimer_,58374
PCR3_NNNGACGTCTG,Locus_COI_Fwd,noprimer_,45571
PCR3_NNNGACGTCTG,Locus_COI_Rev,noprimer_,37895
PCR3_NNNGACTACGA,Locus_COI_Fwd,noprimer_,37402
PCR3_NNNGACTACGA,Locus_COI_Rev,noprimer_,28925
PCR3_NNNGCGTCAGA,Locus_COI_Fwd,noprimer_,64213
PCR3_NNNGCGTCAGA,Locus_COI_Rev,noprimer_,46851
PCR3_NNNGTACGCTG,Locus_COI_Fwd,noprimer_,32597
PCR3_NNNGTACGCTG,Locus_COI_Rev,noprimer_,29467
PCR3_NNNGTGCACTA,Locus_COI_Fwd,noprimer_,27987
PCR3_NNNGTGCACTA,Locus_COI_Rev,noprimer_,20430
PCR3_NNNGTGCAGAC,Locus_COI_Fwd,noprimer_,43192
PCR3_NNNGTGCAGAC,Locus_COI_Rev,noprimer_,31130
PCR3_NNNGTGCGACG,Locus_COI_Fwd,noprimer_,33389
PCR3_NNNGTGCGACG,Locus_COI_Rev,noprimer_,28763
PCR3_NNNGTGTAGCA,Locus_COI_Fwd,noprimer_,39394
PCR3_NNNGTGTAGCA,Locus_COI_Rev,noprimer_,30428
PCR3_NNNGTGTCGTC,Locus_COI_Fwd,noprimer_,63523
PCR3_NNNGTGTCGTC,Locus_COI_Rev,noprimer_,47752
PCR3_NNNGTGTGAGC,Locus_COI_Fwd,noprimer_,34476
PCR3_NNNGTGTGAGC,Locus_COI_Rev,noprimer_,29329
PCR3_NNNNACACACAC,Locus_COI_Fwd,noprimer_,34085
PCR3_NNNNACACACAC,Locus_COI_Rev,noprimer_,25801
PCR3_NNNNACACATGT,Locus_COI_Fwd,noprimer_,43425
PCR3_NNNNACACATGT,Locus_COI_Rev,noprimer_,35303
PCR3_NNNNACACTCTG,Locus_COI_Fwd,noprimer_,43657
PCR3_NNNNACACTCTG,Locus_COI_Rev,noprimer_,35776
PCR3_NNNNACATATCG,Locus_COI_Fwd,noprimer_,24005
PCR3_NNNNACATATCG,Locus_COI_Rev,noprimer_,17773
PCR3_NNNNACATCAGT,Locus_COI_Fwd,noprimer_,22020
PCR3_NNNNACATCAGT,Locus_COI_Rev,noprimer_,18522
PCR3_NNNNACATGATA,Locus_COI_Fwd,noprimer_,33990
PCR3_NNNNACATGATA,Locus_COI_Rev,noprimer_,18349
PCR3_NNNNACGACGAC,Locus_COI_Fwd,noprimer_,41640
PCR3_NNNNACGACGAC,Locus_COI_Rev,noprimer_,33302
PCR3_NNNNAGCTATAG,Locus_COI_Fwd,noprimer_,26983
PCR3_NNNNAGCTATAG,Locus_COI_Rev,noprimer_,18700
PCR3_NNNNAGTACGCT,Locus_COI_Fwd,noprimer_,39359
PCR3_NNNNAGTACGCT,Locus_COI_Rev,noprimer_,35965
PCR3_NNNNATGTCTGC,Locus_COI_Fwd,noprimer_,47163
PCR3_NNNNATGTCTGC,Locus_COI_Rev,noprimer_,41442
PCR3_NNNNGACACGAC,Locus_COI_Fwd,noprimer_,34329
PCR3_NNNNGACACGAC,Locus_COI_Rev,noprimer_,28120
PCR3_NNNNGACACTGA,Locus_COI_Fwd,noprimer_,21296
PCR3_NNNNGACACTGA,Locus_COI_Rev,noprimer_,16184
PCR3_NNNNGACAGAGC,Locus_COI_Fwd,noprimer_,28577
PCR3_NNNNGACAGAGC,Locus_COI_Rev,noprimer_,24686
PCR3_NNNNGACAGCAG,Locus_COI_Fwd,noprimer_,41
PCR3_NNNNGACAGCAG,Locus_COI_Rev,noprimer_,22
PCR3_NNNNGACAGTCT,Locus_COI_Fwd,noprimer_,30427
PCR3_NNNNGACAGTCT,Locus_COI_Rev,noprimer_,26276
PCR3_NNNNGACATCGT,Locus_COI_Fwd,noprimer_,23634
PCR3_NNNNGACATCGT,Locus_COI_Rev,noprimer_,18773
PCR3_NNNNGCGACGTG,Locus_COI_Fwd,noprimer_,30852
PCR3_NNNNGCGACGTG,Locus_COI_Rev,noprimer_,26996
PCR3_NNNNGCGAGTAG,Locus_COI_Fwd,noprimer_,34177
PCR3_NNNNGCGAGTAG,Locus_COI_Rev,noprimer_,25714
PCR3_NNNNGCGTATGT,Locus_COI_Fwd,noprimer_,45267
PCR3_NNNNGCGTATGT,Locus_COI_Rev,noprimer_,34295
PCR3_NNNNGTACTAGT,Locus_COI_Fwd,noprimer_,31571
PCR3_NNNNGTACTAGT,Locus_COI_Rev,noprimer_,26522
PCR3_NNNNGTGTCACT,Locus_COI_Fwd,noprimer_,57383
PCR3_NNNNGTGTCACT,Locus_COI_Rev,noprimer_,50217
PCR3_NNNNTACACGCT,Locus_COI_Fwd,noprimer_,31184
PCR3_NNNNTACACGCT,Locus_COI_Rev,noprimer_,27662
PCR3_NNNNTACAGTAC,Locus_COI_Fwd,noprimer_,35923
PCR3_NNNNTACAGTAC,Locus_COI_Rev,noprimer_,24899
PCR3_NNNNTCAGTCAC,Locus_COI_Fwd,noprimer_,52307
PCR3_NNNNTCAGTCAC,Locus_COI_Rev,noprimer_,37885
PCR3_NNNNTCATATAC,Locus_COI_Fwd,noprimer_,27708
PCR3_NNNNTCATATAC,Locus_COI_Rev,noprimer_,16521
PCR3_NNNNTCGACTCT,Locus_COI_Fwd,noprimer_,43529
PCR3_NNNNTCGACTCT,Locus_COI_Rev,noprimer_,37325
PCR3_NNNNTCGTGCTC,Locus_COI_Fwd,noprimer_,51632
PCR3_NNNNTCGTGCTC,Locus_COI_Rev,noprimer_,38857
PCR3_NNNNTGCTGCAC,Locus_COI_Fwd,noprimer_,39667
PCR3_NNNNTGCTGCAC,Locus_COI_Rev,noprimer_,33288
PCR3_NNNNTGTCATGT,Locus_COI_Fwd,noprimer_,55118
PCR3_NNNNTGTCATGT,Locus_COI_Rev,noprimer_,45760
PCR3_NNNNTGTCTATC,Locus_COI_Fwd,noprimer_,34976
PCR3_NNNNTGTCTATC,Locus_COI_Rev,noprimer_,24974
PCR3_NNNNTGTGAGAG,Locus_COI_Fwd,noprimer_,15256
PCR3_NNNNTGTGAGAG,Locus_COI_Rev,noprimer_,9890
PCR3_NNNTCATCTGA,Locus_COI_Fwd,noprimer_,40961
PCR3_NNNTCATCTGA,Locus_COI_Rev,noprimer_,31089
PCR3_NNNTGTACAGC,Locus_COI_Fwd,noprimer_,37608
PCR3_NNNTGTACAGC,Locus_COI_Rev,noprimer_,33570
PCR3_NNNTGTATCGT,Locus_COI_Fwd,noprimer_,42487
PCR3_NNNTGTATCGT,Locus_COI_Rev,noprimer_,32780
PCR3_NNTAGCAGTG,Locus_COI_Fwd,noprimer_,46364
PCR3_NNTAGCAGTG,Locus_COI_Rev,noprimer_,41262
PCR3_NNTAGCGATA,Locus_COI_Fwd,noprimer_,36184
PCR3_NNTAGCGATA,Locus_COI_Rev,noprimer_,21716
PCR3_NNTCAGCTCG,Locus_COI_Fwd,noprimer_,56638
PCR3_NNTCAGCTCG,Locus_COI_Rev,noprimer_,48246
PCR3_NNTCAGTATA,Locus_COI_Fwd,noprimer_,36120
PCR3_NNTCAGTATA,Locus_COI_Rev,noprimer_,20656
PCR3_NNTCATACGT,Locus_COI_Fwd,noprimer_,53957
PCR3_NNTCATACGT,Locus_COI_Rev,noprimer_,42430
PCR3_NNTGCTCAGA,Locus_COI_Fwd,noprimer_,50005
PCR3_NNTGCTCAGA,Locus_COI_Rev,noprimer_,38228
PCR3_NNTGCTCGAT,Locus_COI_Fwd,noprimer_,53951
PCR3_NNTGCTCGAT,Locus_COI_Rev,noprimer_,41347
PCR3_NNTGTACTAT,Locus_COI_Fwd,noprimer_,38849
PCR3_NNTGTACTAT,Locus_COI_Rev,noprimer_,28341
PCR3_NNTGTAGACT,Locus_COI_Fwd,noprimer_,44491
PCR3_NNTGTAGACT,Locus_COI_Rev,noprimer_,36592
PCR3_NNTGTAGCTA,Locus_COI_Fwd,noprimer_,57446
PCR3_NNTGTAGCTA,Locus_COI_Rev,noprimer_,45983
PCR3_NNTGTATGCA,Locus_COI_Fwd,noprimer_,50919
PCR3_NNTGTATGCA,Locus_COI_Rev,noprimer_,33332
PCR3_NNTGTCACAC,Locus_COI_Fwd,noprimer_,62437
PCR3_NNTGTCACAC,Locus_COI_Rev,noprimer_,44764
PCR3_NNTGTCAGTA,Locus_COI_Fwd,noprimer_,48005
PCR3_NNTGTCAGTA,Locus_COI_Rev,noprimer_,34874
PCR4_NNNGCTACACT,all_loci,demultiplexing,93008
PCR4_NNNNACACACAC,all_loci,demultiplexing,53214
PCR4_NNNACACAGCA,all_loci,demultiplexing,38639
PCR4_NNAGCGCTCG,all_loci,demultiplexing,43523
PCR4_NNNNATGTCTGC,all_loci,demultiplexing,36053
PCR4_NNNGTGCAGAC,all_loci,demultiplexing,53718
PCR4_NNTAGCAGTG,all_loci,demultiplexing,54160
PCR4_NNNNTCATATAC,all_loci,demultiplexing,63848
PCR4_NNNGCGTCAGA,all_loci,demultiplexing,105611
PCR4_NNGACACACG,all_loci,demultiplexing,61454
PCR4_NNNNGACAGAGC,all_loci,demultiplexing,50306
PCR4_NNNTCATCTGA,all_loci,demultiplexing,72088
PCR4_NNTGTAGACT,all_loci,demultiplexing,78935
PCR4_NNNNGTACTAGT,all_loci,demultiplexing,51153
PCR4_NNNGACATATA,all_loci,demultiplexing,54785
PCR4_NNACAGTCGT,all_loci,demultiplexing,60629
PCR4_NNNNTCGACTCT,all_loci,demultiplexing,66115
PCR4_NNNGTGTCGTC,all_loci,demultiplexing,80858
PCR4_NNTGTCACAC,all_loci,demultiplexing,87643
PCR4_NNNNGCGTATGT,all_loci,demultiplexing,47187
PCR4_NNNACGACACG,all_loci,demultiplexing,58416
PCR4_NNGACGCTAG,all_loci,demultiplexing,46295
PCR4_NNNNTGTCTATC,all_loci,demultiplexing,55457
PCR4_NNNGACGTCTG,all_loci,demultiplexing,81644
PCR4_NNAGTCAGAT,all_loci,demultiplexing,93100
PCR4_NNNNGCGACGTG,all_loci,demultiplexing,75725
PCR4_NNNAGCGAGTC,all_loci,demultiplexing,106066
PCR4_NNATGTCGAG,all_loci,demultiplexing,96362
PCR4_NNNNGCGAGTAG,all_loci,demultiplexing,127414
PCR4_NNNACACTAGC,all_loci,demultiplexing,101915
PCR4_NNTCATACGT,all_loci,demultiplexing,128152
PCR4_NNNNAGCTATAG,all_loci,demultiplexing,21673
PCR4_NNNACAGACTA,all_loci,demultiplexing,29868
PCR4_NNACAGAGAG,all_loci,demultiplexing,97734
PCR4_NNNNGACAGCAG,all_loci,demultiplexing,56232
PCR4_NNNACAGCGTC,all_loci,demultiplexing,107072
PCR4_NNAGCTGACG,all_loci,demultiplexing,108408
PCR4_NNNNACATATCG,all_loci,demultiplexing,33924
PCR4_NNNGACGAGCA,all_loci,demultiplexing,51745
PCR4_NNGCGTACAC,all_loci,demultiplexing,17787
PCR4_NNNNACGACGAC,all_loci,demultiplexing,33552
PCR4_NNNGACTACGA,all_loci,demultiplexing,35602
PCR4_NNAGTCATCG,all_loci,demultiplexing,30231
PCR4_NNATCGCAGT,all_loci,demultiplexing,109703
PCR4_NNNNACACATGT,all_loci,demultiplexing,132795
PCR4_NNNACACGACG,all_loci,demultiplexing,77538
PCR4_NNTGCTCGAT,all_loci,demultiplexing,180511
PCR4_NNNNTGCTGCAC,all_loci,demultiplexing,99252
PCR4_NNNGTGCGACG,all_loci,demultiplexing,59521
PCR4_NNTGCTCAGA,all_loci,demultiplexing,129515
PCR4_NNNNGACACGAC,all_loci,demultiplexing,65417
PCR4_NNNTGTACAGC,all_loci,demultiplexing,132638
PCR4_NNTCAGTATA,all_loci,demultiplexing,98525
PCR4_NNNNTCAGTCAC,all_loci,demultiplexing,74234
PCR4_NNNACAGCTAT,all_loci,demultiplexing,51095
PCR4_NNTGTAGCTA,all_loci,demultiplexing,82618
PCR4_NNNNGTGTCACT,all_loci,demultiplexing,93656
PCR4_NNNTGTATCGT,all_loci,demultiplexing,124486
PCR4_NNTAGCGATA,all_loci,demultiplexing,67107
PCR4_NNNNACATCAGT,all_loci,demultiplexing,32473
PCR4_NNNGTGTGAGC,all_loci,demultiplexing,43923
PCR4_NNTGTCAGTA,all_loci,demultiplexing,93408
PCR4_NNNNTACACGCT,all_loci,demultiplexing,59903
PCR4_NNNAGTATGTC,all_loci,demultiplexing,34002
PCR4_NNTCAGCTCG,all_loci,demultiplexing,76527
PCR4_NNNNTACAGTAC,all_loci,demultiplexing,17877
PCR4_NNNACGACTGA,all_loci,demultiplexing,18961
PCR4_NNAGTCGATA,all_loci,demultiplexing,38916
PCR4_NNNNTCGTGCTC,all_loci,demultiplexing,152629
PCR4_NNNGTACGCTG,all_loci,demultiplexing,99500
PCR4_NNACACGCGA,all_loci,demultiplexing,1
PCR4_NNNNACACTCTG,all_loci,demultiplexing,101275
PCR4_NNNACACTGAT,all_loci,demultiplexing,141109
PCR4_NNAGCTAGCA,all_loci,demultiplexing,141699
PCR4_NNNNGACACTGA,all_loci,demultiplexing,13633
PCR4_NNNAGATCTCT,all_loci,demultiplexing,41154
PCR4_NNTGTACTAT,all_loci,demultiplexing,78206
PCR4_NNNNGACAGTCT,all_loci,demultiplexing,45365
PCR4_NNNGTGTAGCA,all_loci,demultiplexing,46111
PCR4_NNGCGCGCGC,all_loci,demultiplexing,84331
PCR4_NNNNAGTACGCT,all_loci,demultiplexing,69004
PCR4_NNNGACGACAC,all_loci,demultiplexing,92398
PCR4_NNTGTATGCA,all_loci,demultiplexing,71763
PCR4_NNNNTGTCATGT,all_loci,demultiplexing,131555
PCR4_NNNGACGCATC,all_loci,demultiplexing,110188
PCR4_NNAGTATACG,all_loci,demultiplexing,106771
PCR4_NNACACGCGA,Locus_COI_Fwd,noprimer_,0
PCR4_NNACACGCGA,Locus_COI_Rev,noprimer_,0
PCR4_NNACAGAGAG,Locus_COI_Fwd,noprimer_,56840
PCR4_NNACAGAGAG,Locus_COI_Rev,noprimer_,40542
PCR4_NNACAGTCGT,Locus_COI_Fwd,noprimer_,33681
PCR4_NNACAGTCGT,Locus_COI_Rev,noprimer_,26675
PCR4_NNAGCGCTCG,Locus_COI_Fwd,noprimer_,22995
PCR4_NNAGCGCTCG,Locus_COI_Rev,noprimer_,20406
PCR4_NNAGCTAGCA,Locus_COI_Fwd,noprimer_,77648
PCR4_NNAGCTAGCA,Locus_COI_Rev,noprimer_,63243
PCR4_NNAGCTGACG,Locus_COI_Fwd,noprimer_,57489
PCR4_NNAGCTGACG,Locus_COI_Rev,noprimer_,50400
PCR4_NNAGTATACG,Locus_COI_Fwd,noprimer_,58972
PCR4_NNAGTATACG,Locus_COI_Rev,noprimer_,47553
PCR4_NNAGTCAGAT,Locus_COI_Fwd,noprimer_,52184
PCR4_NNAGTCAGAT,Locus_COI_Rev,noprimer_,40420
PCR4_NNAGTCATCG,Locus_COI_Fwd,noprimer_,16394
PCR4_NNAGTCATCG,Locus_COI_Rev,noprimer_,13735
PCR4_NNAGTCGATA,Locus_COI_Fwd,noprimer_,23687
PCR4_NNAGTCGATA,Locus_COI_Rev,noprimer_,15052
PCR4_NNATCGCAGT,Locus_COI_Fwd,noprimer_,56731
PCR4_NNATCGCAGT,Locus_COI_Rev,noprimer_,52695
PCR4_NNATGTCGAG,Locus_COI_Fwd,noprimer_,52948
PCR4_NNATGTCGAG,Locus_COI_Rev,noprimer_,42902
PCR4_NNGACACACG,Locus_COI_Fwd,noprimer_,32527
PCR4_NNGACACACG,Locus_COI_Rev,noprimer_,28696
PCR4_NNGACGCTAG,Locus_COI_Fwd,noprimer_,24908
PCR4_NNGACGCTAG,Locus_COI_Rev,noprimer_,21257
PCR4_NNGCGCGCGC,Locus_COI_Fwd,noprimer_,46456
PCR4_NNGCGCGCGC,Locus_COI_Rev,noprimer_,37678
PCR4_NNGCGTACAC,Locus_COI_Fwd,noprimer_,10077
PCR4_NNGCGTACAC,Locus_COI_Rev,noprimer_,7622
PCR4_NNNACACAGCA,Locus_COI_Fwd,noprimer_,20439
PCR4_NNNACACAGCA,Locus_COI_Rev,noprimer_,17937
PCR4_NNNACACGACG,Locus_COI_Fwd,noprimer_,41374
PCR4_NNNACACGACG,Locus_COI_Rev,noprimer_,35913
PCR4_NNNACACTAGC,Locus_COI_Fwd,noprimer_,53287
PCR4_NNNACACTAGC,Locus_COI_Rev,noprimer_,46047
PCR4_NNNACACTGAT,Locus_COI_Fwd,noprimer_,75511
PCR4_NNNACACTGAT,Locus_COI_Rev,noprimer_,64928
PCR4_NNNACAGACTA,Locus_COI_Fwd,noprimer_,17584
PCR4_NNNACAGACTA,Locus_COI_Rev,noprimer_,12097
PCR4_NNNACAGCGTC,Locus_COI_Fwd,noprimer_,57915
PCR4_NNNACAGCGTC,Locus_COI_Rev,noprimer_,47271
PCR4_NNNACAGCTAT,Locus_COI_Fwd,noprimer_,27319
PCR4_NNNACAGCTAT,Locus_COI_Rev,noprimer_,23573
PCR4_NNNACGACACG,Locus_COI_Fwd,noprimer_,31744
PCR4_NNNACGACACG,Locus_COI_Rev,noprimer_,26354
PCR4_NNNACGACTGA,Locus_COI_Fwd,noprimer_,10526
PCR4_NNNACGACTGA,Locus_COI_Rev,noprimer_,8219
PCR4_NNNAGATCTCT,Locus_COI_Fwd,noprimer_,22042
PCR4_NNNAGATCTCT,Locus_COI_Rev,noprimer_,18855
PCR4_NNNAGCGAGTC,Locus_COI_Fwd,noprimer_,62663
PCR4_NNNAGCGAGTC,Locus_COI_Rev,noprimer_,42251
PCR4_NNNAGTATGTC,Locus_COI_Fwd,noprimer_,20347
PCR4_NNNAGTATGTC,Locus_COI_Rev,noprimer_,13333
PCR4_NNNGACATATA,Locus_COI_Fwd,noprimer_,35051
PCR4_NNNGACATATA,Locus_COI_Rev,noprimer_,19506
PCR4_NNNGACGACAC,Locus_COI_Fwd,noprimer_,53335
PCR4_NNNGACGACAC,Locus_COI_Rev,noprimer_,38776
PCR4_NNNGACGAGCA,Locus_COI_Fwd,noprimer_,28059
PCR4_NNNGACGAGCA,Locus_COI_Rev,noprimer_,23484
PCR4_NNNGACGCATC,Locus_COI_Fwd,noprimer_,62445
PCR4_NNNGACGCATC,Locus_COI_Rev,noprimer_,47380
PCR4_NNNGACGTCTG,Locus_COI_Fwd,noprimer_,44003
PCR4_NNNGACGTCTG,Locus_COI_Rev,noprimer_,37351
PCR4_NNNGACTACGA,Locus_COI_Fwd,noprimer_,19759
PCR4_NNNGACTACGA,Locus_COI_Rev,noprimer_,15738
PCR4_NNNGCGTCAGA,Locus_COI_Fwd,noprimer_,60295
PCR4_NNNGCGTCAGA,Locus_COI_Rev,noprimer_,44815
PCR4_NNNGCTACACT,Locus_COI_Fwd,noprimer_,51326
PCR4_NNNGCTACACT,Locus_COI_Rev,noprimer_,41437
PCR4_NNNGTACGCTG,Locus_COI_Fwd,noprimer_,51688
PCR4_NNNGTACGCTG,Locus_COI_Rev,noprimer_,47101
PCR4_NNNGTGCAGAC,Locus_COI_Fwd,noprimer_,31136
PCR4_NNNGTGCAGAC,Locus_COI_Rev,noprimer_,22078
PCR4_NNNGTGCGACG,Locus_COI_Fwd,noprimer_,31641
PCR4_NNNGTGCGACG,Locus_COI_Rev,noprimer_,27739
PCR4_NNNGTGTAGCA,Locus_COI_Fwd,noprimer_,25872
PCR4_NNNGTGTAGCA,Locus_COI_Rev,noprimer_,20019
PCR4_NNNGTGTCGTC,Locus_COI_Fwd,noprimer_,45587
PCR4_NNNGTGTCGTC,Locus_COI_Rev,noprimer_,34308
PCR4_NNNGTGTGAGC,Locus_COI_Fwd,noprimer_,23811
PCR4_NNNGTGTGAGC,Locus_COI_Rev,noprimer_,19785
PCR4_NNNNACACACAC,Locus_COI_Fwd,noprimer_,29947
PCR4_NNNNACACACAC,Locus_COI_Rev,noprimer_,22951
PCR4_NNNNACACATGT,Locus_COI_Fwd,noprimer_,72549
PCR4_NNNNACACATGT,Locus_COI_Rev,noprimer_,59897
PCR4_NNNNACACTCTG,Locus_COI_Fwd,noprimer_,55464
PCR4_NNNNACACTCTG,Locus_COI_Rev,noprimer_,45021
PCR4_NNNNACATATCG,Locus_COI_Fwd,noprimer_,18913
PCR4_NNNNACATATCG,Locus_COI_Rev,noprimer_,14822
PCR4_NNNNACATCAGT,Locus_COI_Fwd,noprimer_,17652
PCR4_NNNNACATCAGT,Locus_COI_Rev,noprimer_,14738
PCR4_NNNNACGACGAC,Locus_COI_Fwd,noprimer_,18103
PCR4_NNNNACGACGAC,Locus_COI_Rev,noprimer_,15249
PCR4_NNNNAGCTATAG,Locus_COI_Fwd,noprimer_,12297
PCR4_NNNNAGCTATAG,Locus_COI_Rev,noprimer_,9261
PCR4_NNNNAGTACGCT,Locus_COI_Fwd,noprimer_,35196
PCR4_NNNNAGTACGCT,Locus_COI_Rev,noprimer_,33666
PCR4_NNNNATGTCTGC,Locus_COI_Fwd,noprimer_,18993
PCR4_NNNNATGTCTGC,Locus_COI_Rev,noprimer_,16584
PCR4_NNNNGACACGAC,Locus_COI_Fwd,noprimer_,35791
PCR4_NNNNGACACGAC,Locus_COI_Rev,noprimer_,29368
PCR4_NNNNGACACTGA,Locus_COI_Fwd,noprimer_,7626
PCR4_NNNNGACACTGA,Locus_COI_Rev,noprimer_,5891
PCR4_NNNNGACAGAGC,Locus_COI_Fwd,noprimer_,26794
PCR4_NNNNGACAGAGC,Locus_COI_Rev,noprimer_,23118
PCR4_NNNNGACAGCAG,Locus_COI_Fwd,noprimer_,29205
PCR4_NNNNGACAGCAG,Locus_COI_Rev,noprimer_,26724
PCR4_NNNNGACAGTCT,Locus_COI_Fwd,noprimer_,24715
PCR4_NNNNGACAGTCT,Locus_COI_Rev,noprimer_,20431
PCR4_NNNNGCGACGTG,Locus_COI_Fwd,noprimer_,37891
PCR4_NNNNGCGACGTG,Locus_COI_Rev,noprimer_,35179
PCR4_NNNNGCGAGTAG,Locus_COI_Fwd,noprimer_,71414
PCR4_NNNNGCGAGTAG,Locus_COI_Rev,noprimer_,54177
PCR4_NNNNGCGTATGT,Locus_COI_Fwd,noprimer_,26566
PCR4_NNNNGCGTATGT,Locus_COI_Rev,noprimer_,19789
PCR4_NNNNGTACTAGT,Locus_COI_Fwd,noprimer_,27010
PCR4_NNNNGTACTAGT,Locus_COI_Rev,noprimer_,23828
PCR4_NNNNGTGTCACT,Locus_COI_Fwd,noprimer_,49206
PCR4_NNNNGTGTCACT,Locus_COI_Rev,noprimer_,44230
PCR4_NNNNTACACGCT,Locus_COI_Fwd,noprimer_,31443
PCR4_NNNNTACACGCT,Locus_COI_Rev,noprimer_,28220
PCR4_NNNNTACAGTAC,Locus_COI_Fwd,noprimer_,10381
PCR4_NNNNTACAGTAC,Locus_COI_Rev,noprimer_,7332
PCR4_NNNNTCAGTCAC,Locus_COI_Fwd,noprimer_,43141
PCR4_NNNNTCAGTCAC,Locus_COI_Rev,noprimer_,30685
PCR4_NNNNTCATATAC,Locus_COI_Fwd,noprimer_,39518
PCR4_NNNNTCATATAC,Locus_COI_Rev,noprimer_,24019
PCR4_NNNNTCGACTCT,Locus_COI_Fwd,noprimer_,35540
PCR4_NNNNTCGACTCT,Locus_COI_Rev,noprimer_,30329
PCR4_NNNNTCGTGCTC,Locus_COI_Fwd,noprimer_,85463
PCR4_NNNNTCGTGCTC,Locus_COI_Rev,noprimer_,66452
PCR4_NNNNTGCTGCAC,Locus_COI_Fwd,noprimer_,53795
PCR4_NNNNTGCTGCAC,Locus_COI_Rev,noprimer_,45161
PCR4_NNNNTGTCATGT,Locus_COI_Fwd,noprimer_,71507
PCR4_NNNNTGTCATGT,Locus_COI_Rev,noprimer_,59625
PCR4_NNNNTGTCTATC,Locus_COI_Fwd,noprimer_,31609
PCR4_NNNNTGTCTATC,Locus_COI_Rev,noprimer_,23493
PCR4_NNNTCATCTGA,Locus_COI_Fwd,noprimer_,40551
PCR4_NNNTCATCTGA,Locus_COI_Rev,noprimer_,31258
PCR4_NNNTGTACAGC,Locus_COI_Fwd,noprimer_,69260
PCR4_NNNTGTACAGC,Locus_COI_Rev,noprimer_,63039
PCR4_NNNTGTATCGT,Locus_COI_Fwd,noprimer_,68813
PCR4_NNNTGTATCGT,Locus_COI_Rev,noprimer_,55386
PCR4_NNTAGCAGTG,Locus_COI_Fwd,noprimer_,28211
PCR4_NNTAGCAGTG,Locus_COI_Rev,noprimer_,24551
PCR4_NNTAGCGATA,Locus_COI_Fwd,noprimer_,41346
PCR4_NNTAGCGATA,Locus_COI_Rev,noprimer_,25605
PCR4_NNTCAGCTCG,Locus_COI_Fwd,noprimer_,41357
PCR4_NNTCAGCTCG,Locus_COI_Rev,noprimer_,34956
PCR4_NNTCAGTATA,Locus_COI_Fwd,noprimer_,62968
PCR4_NNTCAGTATA,Locus_COI_Rev,noprimer_,35306
PCR4_NNTCATACGT,Locus_COI_Fwd,noprimer_,70448
PCR4_NNTCATACGT,Locus_COI_Rev,noprimer_,56719
PCR4_NNTGCTCAGA,Locus_COI_Fwd,noprimer_,73052
PCR4_NNTGCTCAGA,Locus_COI_Rev,noprimer_,56233
PCR4_NNTGCTCGAT,Locus_COI_Fwd,noprimer_,99823
PCR4_NNTGCTCGAT,Locus_COI_Rev,noprimer_,80276
PCR4_NNTGTACTAT,Locus_COI_Fwd,noprimer_,45459
PCR4_NNTGTACTAT,Locus_COI_Rev,noprimer_,32535
PCR4_NNTGTAGACT,Locus_COI_Fwd,noprimer_,43272
PCR4_NNTGTAGACT,Locus_COI_Rev,noprimer_,35179
PCR4_NNTGTAGCTA,Locus_COI_Fwd,noprimer_,45644
PCR4_NNTGTAGCTA,Locus_COI_Rev,noprimer_,36697
PCR4_NNTGTATGCA,Locus_COI_Fwd,noprimer_,42538
PCR4_NNTGTATGCA,Locus_COI_Rev,noprimer_,28910
PCR4_NNTGTCACAC,Locus_COI_Fwd,noprimer_,50351
PCR4_NNTGTCACAC,Locus_COI_Rev,noprimer_,36956
PCR4_NNTGTCAGTA,Locus_COI_Fwd,noprimer_,54038
PCR4_NNTGTCAGTA,Locus_COI_Rev,noprimer_,39132
PCR5_NNNGCTACACT,all_loci,demultiplexing,83210
PCR5_NNNNACACACAC,all_loci,demultiplexing,58468
PCR5_NNNACACAGCA,all_loci,demultiplexing,107701
PCR5_NNAGCGCTCG,all_loci,demultiplexing,74676
PCR5_NNNNATGTCTGC,all_loci,demultiplexing,91801
PCR5_NNNGTGCAGAC,all_loci,demultiplexing,56332
PCR5_NNTAGCAGTG,all_loci,demultiplexing,114178
PCR5_NNNNTCATATAC,all_loci,demultiplexing,26963
PCR5_NNNGCGTCAGA,all_loci,demultiplexing,90090
PCR5_NNGACACACG,all_loci,demultiplexing,63638
PCR5_NNNNGACAGAGC,all_loci,demultiplexing,50220
PCR5_NNNTCATCTGA,all_loci,demultiplexing,32934
PCR5_NNTGTAGACT,all_loci,demultiplexing,42052
PCR5_NNNNGTACTAGT,all_loci,demultiplexing,12314
PCR5_NNNGACATATA,all_loci,demultiplexing,9269
PCR5_NNACAGTCGT,all_loci,demultiplexing,47603
PCR5_NNNNTCGACTCT,all_loci,demultiplexing,52941
PCR5_NNNGTGTCGTC,all_loci,demultiplexing,98771
PCR5_NNTGTCACAC,all_loci,demultiplexing,79359
PCR5_NNNNGCGTATGT,all_loci,demultiplexing,55612
PCR5_NNNACGACACG,all_loci,demultiplexing,49807
PCR5_NNGACGCTAG,all_loci,demultiplexing,39377
PCR5_NNNNTGTCTATC,all_loci,demultiplexing,48935
PCR5_NNNGACGTCTG,all_loci,demultiplexing,121522
PCR5_NNAGTCAGAT,all_loci,demultiplexing,64691
PCR5_NNNNGCGACGTG,all_loci,demultiplexing,60309
PCR5_NNNNGCGAGTAG,all_loci,demultiplexing,51510
PCR5_NNNACACTAGC,all_loci,demultiplexing,43166
PCR5_NNTCATACGT,all_loci,demultiplexing,62414
PCR5_NNNNAGCTATAG,all_loci,demultiplexing,26841
PCR5_NNNACAGACTA,all_loci,demultiplexing,31072
PCR5_NNACAGAGAG,all_loci,demultiplexing,49682
PCR5_NNNNGACAGCAG,all_loci,demultiplexing,22407
PCR5_NNNACAGCGTC,all_loci,demultiplexing,70872
PCR5_NNAGCTGACG,all_loci,demultiplexing,70975
PCR5_NNNNGACATCGT,all_loci,demultiplexing,31873
PCR5_NNNGTGCACTA,all_loci,demultiplexing,36563
PCR5_NNATCGCAGT,all_loci,demultiplexing,48345
PCR5_NNNNACATATCG,all_loci,demultiplexing,28838
PCR5_NNNGACGAGCA,all_loci,demultiplexing,57615
PCR5_NNGCGTACAC,all_loci,demultiplexing,54674
PCR5_NNNNACATGATA,all_loci,demultiplexing,20357
PCR5_NNNACATGCAG,all_loci,demultiplexing,53596
PCR5_NNGACGTACT,all_loci,demultiplexing,26510
PCR5_NNNNACGACGAC,all_loci,demultiplexing,67434
PCR5_NNNGACTACGA,all_loci,demultiplexing,42385
PCR5_NNAGTCATCG,all_loci,demultiplexing,67820
PCR5_NNNAGCGAGTC,all_loci,demultiplexing,49810
PCR5_NNATGTCGAG,all_loci,demultiplexing,55337
PCR5_NNNNACACATGT,all_loci,demultiplexing,45204
PCR5_NNNACACGACG,all_loci,demultiplexing,68893
PCR5_NNTGCTCGAT,all_loci,demultiplexing,75826
PCR5_NNNNTGCTGCAC,all_loci,demultiplexing,94221
PCR5_NNNGTGCGACG,all_loci,demultiplexing,44432
PCR5_NNTGCTCAGA,all_loci,demultiplexing,68569
PCR5_NNNNGACACGAC,all_loci,demultiplexing,39051
PCR5_NNNTGTACAGC,all_loci,demultiplexing,71863
PCR5_NNTCAGTATA,all_loci,demultiplexing,42235
PCR5_NNNNTCAGTCAC,all_loci,demultiplexing,33922
PCR5_NNNACAGCTAT,all_loci,demultiplexing,19286
PCR5_NNTGTAGCTA,all_loci,demultiplexing,47384
PCR5_NNNNGTGTCACT,all_loci,demultiplexing,76385
PCR5_NNNTGTATCGT,all_loci,demultiplexing,46747
PCR5_NNTAGCGATA,all_loci,demultiplexing,36376
PCR5_NNNNACATCAGT,all_loci,demultiplexing,21501
PCR5_NNNGTGTGAGC,all_loci,demultiplexing,53529
PCR5_NNTGTCAGTA,all_loci,demultiplexing,39645
PCR5_NNNNTACACGCT,all_loci,demultiplexing,23999
PCR5_NNNAGTATGTC,all_loci,demultiplexing,16913
PCR5_NNTCAGCTCG,all_loci,demultiplexing,73242
PCR5_NNNNTACAGTAC,all_loci,demultiplexing,27943
PCR5_NNNACGACTGA,all_loci,demultiplexing,55236
PCR5_NNAGTCGATA,all_loci,demultiplexing,58745
PCR5_NNNNTCGTGCTC,all_loci,demultiplexing,81017
PCR5_NNNGTACGCTG,all_loci,demultiplexing,73118
PCR5_NNACACGCGA,all_loci,demultiplexing,87118
PCR5_NNNNACACTCTG,all_loci,demultiplexing,47040
PCR5_NNNACACTGAT,all_loci,demultiplexing,56334
PCR5_NNAGCTAGCA,all_loci,demultiplexing,61350
PCR5_NNNNGACACTGA,all_loci,demultiplexing,16982
PCR5_NNNAGATCTCT,all_loci,demultiplexing,17677
PCR5_NNTGTACTAT,all_loci,demultiplexing,25925
PCR5_NNNNGACAGTCT,all_loci,demultiplexing,65812
PCR5_NNNGTGTAGCA,all_loci,demultiplexing,27761
PCR5_NNGCGCGCGC,all_loci,demultiplexing,38297
PCR5_NNNNAGTACGCT,all_loci,demultiplexing,42174
PCR5_NNNGACGACAC,all_loci,demultiplexing,60768
PCR5_NNTGTATGCA,all_loci,demultiplexing,42448
PCR5_NNNNTGTCATGT,all_loci,demultiplexing,43365
PCR5_NNNGACGCATC,all_loci,demultiplexing,55805
PCR5_NNAGTATACG,all_loci,demultiplexing,23438
PCR5_NNACACGCGA,Locus_COI_Fwd,noprimer_,47936
PCR5_NNACACGCGA,Locus_COI_Rev,noprimer_,38886
PCR5_NNACAGAGAG,Locus_COI_Fwd,noprimer_,28072
PCR5_NNACAGAGAG,Locus_COI_Rev,noprimer_,21457
PCR5_NNACAGTCGT,Locus_COI_Fwd,noprimer_,26402
PCR5_NNACAGTCGT,Locus_COI_Rev,noprimer_,21053
PCR5_NNAGCGCTCG,Locus_COI_Fwd,noprimer_,38860
PCR5_NNAGCGCTCG,Locus_COI_Rev,noprimer_,35093
PCR5_NNAGCTAGCA,Locus_COI_Fwd,noprimer_,33226
PCR5_NNAGCTAGCA,Locus_COI_Rev,noprimer_,27961
PCR5_NNAGCTGACG,Locus_COI_Fwd,noprimer_,37475
PCR5_NNAGCTGACG,Locus_COI_Rev,noprimer_,33226
PCR5_NNAGTATACG,Locus_COI_Fwd,noprimer_,12571
PCR5_NNAGTATACG,Locus_COI_Rev,noprimer_,10628
PCR5_NNAGTCAGAT,Locus_COI_Fwd,noprimer_,35269
PCR5_NNAGTCAGAT,Locus_COI_Rev,noprimer_,28900
PCR5_NNAGTCATCG,Locus_COI_Fwd,noprimer_,36222
PCR5_NNAGTCATCG,Locus_COI_Rev,noprimer_,31070
PCR5_NNAGTCGATA,Locus_COI_Fwd,noprimer_,34549
PCR5_NNAGTCGATA,Locus_COI_Rev,noprimer_,23820
PCR5_NNATCGCAGT,Locus_COI_Fwd,noprimer_,24974
PCR5_NNATCGCAGT,Locus_COI_Rev,noprimer_,23273
PCR5_NNATGTCGAG,Locus_COI_Fwd,noprimer_,29825
PCR5_NNATGTCGAG,Locus_COI_Rev,noprimer_,25422
PCR5_NNGACACACG,Locus_COI_Fwd,noprimer_,33038
PCR5_NNGACACACG,Locus_COI_Rev,noprimer_,30286
PCR5_NNGACGCTAG,Locus_COI_Fwd,noprimer_,20724
PCR5_NNGACGCTAG,Locus_COI_Rev,noprimer_,18593
PCR5_NNGACGTACT,Locus_COI_Fwd,noprimer_,14117
PCR5_NNGACGTACT,Locus_COI_Rev,noprimer_,12261
PCR5_NNGCGCGCGC,Locus_COI_Fwd,noprimer_,20394
PCR5_NNGCGCGCGC,Locus_COI_Rev,noprimer_,17440
PCR5_NNGCGTACAC,Locus_COI_Fwd,noprimer_,30233
PCR5_NNGCGTACAC,Locus_COI_Rev,noprimer_,22976
PCR5_NNNACACAGCA,Locus_COI_Fwd,noprimer_,55870
PCR5_NNNACACAGCA,Locus_COI_Rev,noprimer_,50964
PCR5_NNNACACGACG,Locus_COI_Fwd,noprimer_,35909
PCR5_NNNACACGACG,Locus_COI_Rev,noprimer_,32404
PCR5_NNNACACTAGC,Locus_COI_Fwd,noprimer_,22937
PCR5_NNNACACTAGC,Locus_COI_Rev,noprimer_,19979
PCR5_NNNACACTGAT,Locus_COI_Fwd,noprimer_,29874
PCR5_NNNACACTGAT,Locus_COI_Rev,noprimer_,26269
PCR5_NNNACAGACTA,Locus_COI_Fwd,noprimer_,18317
PCR5_NNNACAGACTA,Locus_COI_Rev,noprimer_,12596
PCR5_NNNACAGCGTC,Locus_COI_Fwd,noprimer_,38707
PCR5_NNNACAGCGTC,Locus_COI_Rev,noprimer_,30960
PCR5_NNNACAGCTAT,Locus_COI_Fwd,noprimer_,9979
PCR5_NNNACAGCTAT,Locus_COI_Rev,noprimer_,9144
PCR5_NNNACATGCAG,Locus_COI_Fwd,noprimer_,28575
PCR5_NNNACATGCAG,Locus_COI_Rev,noprimer_,24876
PCR5_NNNACGACACG,Locus_COI_Fwd,noprimer_,26220
PCR5_NNNACGACACG,Locus_COI_Rev,noprimer_,23198
PCR5_NNNACGACTGA,Locus_COI_Fwd,noprimer_,29197
PCR5_NNNACGACTGA,Locus_COI_Rev,noprimer_,23389
PCR5_NNNAGATCTCT,Locus_COI_Fwd,noprimer_,9318
PCR5_NNNAGATCTCT,Locus_COI_Rev,noprimer_,7770
PCR5_NNNAGCGAGTC,Locus_COI_Fwd,noprimer_,28705
PCR5_NNNAGCGAGTC,Locus_COI_Rev,noprimer_,20640
PCR5_NNNAGTATGTC,Locus_COI_Fwd,noprimer_,9739
PCR5_NNNAGTATGTC,Locus_COI_Rev,noprimer_,7047
PCR5_NNNGACATATA,Locus_COI_Fwd,noprimer_,5700
PCR5_NNNGACATATA,Locus_COI_Rev,noprimer_,3538
PCR5_NNNGACGACAC,Locus_COI_Fwd,noprimer_,34032
PCR5_NNNGACGACAC,Locus_COI_Rev,noprimer_,25678
PCR5_NNNGACGAGCA,Locus_COI_Fwd,noprimer_,30222
PCR5_NNNGACGAGCA,Locus_COI_Rev,noprimer_,25890
PCR5_NNNGACGCATC,Locus_COI_Fwd,noprimer_,30646
PCR5_NNNGACGCATC,Locus_COI_Rev,noprimer_,24186
PCR5_NNNGACGTCTG,Locus_COI_Fwd,noprimer_,63946
PCR5_NNNGACGTCTG,Locus_COI_Rev,noprimer_,57009
PCR5_NNNGACTACGA,Locus_COI_Fwd,noprimer_,22556
PCR5_NNNGACTACGA,Locus_COI_Rev,noprimer_,18670
PCR5_NNNGCGTCAGA,Locus_COI_Fwd,noprimer_,50579
PCR5_NNNGCGTCAGA,Locus_COI_Rev,noprimer_,39242
PCR5_NNNGCTACACT,Locus_COI_Fwd,noprimer_,44210
PCR5_NNNGCTACACT,Locus_COI_Rev,noprimer_,38630
PCR5_NNNGTACGCTG,Locus_COI_Fwd,noprimer_,37796
PCR5_NNNGTACGCTG,Locus_COI_Rev,noprimer_,34826
PCR5_NNNGTGCACTA,Locus_COI_Fwd,noprimer_,20287
PCR5_NNNGTGCACTA,Locus_COI_Rev,noprimer_,16212
PCR5_NNNGTGCAGAC,Locus_COI_Fwd,noprimer_,31686
PCR5_NNNGTGCAGAC,Locus_COI_Rev,noprimer_,24463
PCR5_NNNGTGCGACG,Locus_COI_Fwd,noprimer_,22231
PCR5_NNNGTGCGACG,Locus_COI_Rev,noprimer_,19932
PCR5_NNNGTGTAGCA,Locus_COI_Fwd,noprimer_,14883
PCR5_NNNGTGTAGCA,Locus_COI_Rev,noprimer_,12437
PCR5_NNNGTGTCGTC,Locus_COI_Fwd,noprimer_,54345
PCR5_NNNGTGTCGTC,Locus_COI_Rev,noprimer_,43513
PCR5_NNNGTGTGAGC,Locus_COI_Fwd,noprimer_,28110
PCR5_NNNGTGTGAGC,Locus_COI_Rev,noprimer_,24845
PCR5_NNNNACACACAC,Locus_COI_Fwd,noprimer_,31873
PCR5_NNNNACACACAC,Locus_COI_Rev,noprimer_,25858
PCR5_NNNNACACATGT,Locus_COI_Fwd,noprimer_,23962
PCR5_NNNNACACATGT,Locus_COI_Rev,noprimer_,20455
PCR5_NNNNACACTCTG,Locus_COI_Fwd,noprimer_,24849
PCR5_NNNNACACTCTG,Locus_COI_Rev,noprimer_,21610
PCR5_NNNNACATATCG,Locus_COI_Fwd,noprimer_,15536
PCR5_NNNNACATATCG,Locus_COI_Rev,noprimer_,12249
PCR5_NNNNACATCAGT,Locus_COI_Fwd,noprimer_,11167
PCR5_NNNNACATCAGT,Locus_COI_Rev,noprimer_,10014
PCR5_NNNNACATGATA,Locus_COI_Fwd,noprimer_,12345
PCR5_NNNNACATGATA,Locus_COI_Rev,noprimer_,7572
PCR5_NNNNACGACGAC,Locus_COI_Fwd,noprimer_,35341
PCR5_NNNNACGACGAC,Locus_COI_Rev,noprimer_,29573
PCR5_NNNNAGCTATAG,Locus_COI_Fwd,noprimer_,15219
PCR5_NNNNAGCTATAG,Locus_COI_Rev,noprimer_,11413
PCR5_NNNNAGTACGCT,Locus_COI_Fwd,noprimer_,21249
PCR5_NNNNAGTACGCT,Locus_COI_Rev,noprimer_,20464
PCR5_NNNNATGTCTGC,Locus_COI_Fwd,noprimer_,47661
PCR5_NNNNATGTCTGC,Locus_COI_Rev,noprimer_,43904
PCR5_NNNNGACACGAC,Locus_COI_Fwd,noprimer_,20981
PCR5_NNNNGACACGAC,Locus_COI_Rev,noprimer_,17850
PCR5_NNNNGACACTGA,Locus_COI_Fwd,noprimer_,9087
PCR5_NNNNGACACTGA,Locus_COI_Rev,noprimer_,7235
PCR5_NNNNGACAGAGC,Locus_COI_Fwd,noprimer_,25953
PCR5_NNNNGACAGAGC,Locus_COI_Rev,noprimer_,24005
PCR5_NNNNGACAGCAG,Locus_COI_Fwd,noprimer_,11585
PCR5_NNNNGACAGCAG,Locus_COI_Rev,noprimer_,10518
PCR5_NNNNGACAGTCT,Locus_COI_Fwd,noprimer_,34074
PCR5_NNNNGACAGTCT,Locus_COI_Rev,noprimer_,30808
PCR5_NNNNGACATCGT,Locus_COI_Fwd,noprimer_,16993
PCR5_NNNNGACATCGT,Locus_COI_Rev,noprimer_,14797
PCR5_NNNNGCGACGTG,Locus_COI_Fwd,noprimer_,31212
PCR5_NNNNGCGACGTG,Locus_COI_Rev,noprimer_,28070
PCR5_NNNNGCGAGTAG,Locus_COI_Fwd,noprimer_,28362
PCR5_NNNNGCGAGTAG,Locus_COI_Rev,noprimer_,22831
PCR5_NNNNGCGTATGT,Locus_COI_Fwd,noprimer_,30403
PCR5_NNNNGCGTATGT,Locus_COI_Rev,noprimer_,24642
PCR5_NNNNGTACTAGT,Locus_COI_Fwd,noprimer_,6450
PCR5_NNNNGTACTAGT,Locus_COI_Rev,noprimer_,5825
PCR5_NNNNGTGTCACT,Locus_COI_Fwd,noprimer_,39766
PCR5_NNNNGTGTCACT,Locus_COI_Rev,noprimer_,35867
PCR5_NNNNTACACGCT,Locus_COI_Fwd,noprimer_,12385
PCR5_NNNNTACACGCT,Locus_COI_Rev,noprimer_,11523
PCR5_NNNNTACAGTAC,Locus_COI_Fwd,noprimer_,15848
PCR5_NNNNTACAGTAC,Locus_COI_Rev,noprimer_,11712
PCR5_NNNNTCAGTCAC,Locus_COI_Fwd,noprimer_,18263
PCR5_NNNNTCAGTCAC,Locus_COI_Rev,noprimer_,14331
PCR5_NNNNTCATATAC,Locus_COI_Fwd,noprimer_,16059
PCR5_NNNNTCATATAC,Locus_COI_Rev,noprimer_,10781
PCR5_NNNNTCGACTCT,Locus_COI_Fwd,noprimer_,27873
PCR5_NNNNTCGACTCT,Locus_COI_Rev,noprimer_,24900
PCR5_NNNNTCGTGCTC,Locus_COI_Fwd,noprimer_,44162
PCR5_NNNNTCGTGCTC,Locus_COI_Rev,noprimer_,35759
PCR5_NNNNTGCTGCAC,Locus_COI_Fwd,noprimer_,45678
PCR5_NNNNTGCTGCAC,Locus_COI_Rev,noprimer_,40549
PCR5_NNNNTGTCATGT,Locus_COI_Fwd,noprimer_,22807
PCR5_NNNNTGTCATGT,Locus_COI_Rev,noprimer_,19992
PCR5_NNNNTGTCTATC,Locus_COI_Fwd,noprimer_,26619
PCR5_NNNNTGTCTATC,Locus_COI_Rev,noprimer_,21231
PCR5_NNNTCATCTGA,Locus_COI_Fwd,noprimer_,18000
PCR5_NNNTCATCTGA,Locus_COI_Rev,noprimer_,14830
PCR5_NNNTGTACAGC,Locus_COI_Fwd,noprimer_,37320
PCR5_NNNTGTACAGC,Locus_COI_Rev,noprimer_,34156
PCR5_NNNTGTATCGT,Locus_COI_Fwd,noprimer_,25489
PCR5_NNNTGTATCGT,Locus_COI_Rev,noprimer_,21012
PCR5_NNTAGCAGTG,Locus_COI_Fwd,noprimer_,57355
PCR5_NNTAGCAGTG,Locus_COI_Rev,noprimer_,54726
PCR5_NNTAGCGATA,Locus_COI_Fwd,noprimer_,21984
PCR5_NNTAGCGATA,Locus_COI_Rev,noprimer_,14201
PCR5_NNTCAGCTCG,Locus_COI_Fwd,noprimer_,38943
PCR5_NNTCAGCTCG,Locus_COI_Rev,noprimer_,34152
PCR5_NNTCAGTATA,Locus_COI_Fwd,noprimer_,25896
PCR5_NNTCAGTATA,Locus_COI_Rev,noprimer_,16080
PCR5_NNTCATACGT,Locus_COI_Fwd,noprimer_,33963
PCR5_NNTCATACGT,Locus_COI_Rev,noprimer_,28331
PCR5_NNTGCTCAGA,Locus_COI_Fwd,noprimer_,37521
PCR5_NNTGCTCAGA,Locus_COI_Rev,noprimer_,30632
PCR5_NNTGCTCGAT,Locus_COI_Fwd,noprimer_,40299
PCR5_NNTGCTCGAT,Locus_COI_Rev,noprimer_,33582
PCR5_NNTGTACTAT,Locus_COI_Fwd,noprimer_,14141
PCR5_NNTGTACTAT,Locus_COI_Rev,noprimer_,11037
PCR5_NNTGTAGACT,Locus_COI_Fwd,noprimer_,22491
PCR5_NNTGTAGACT,Locus_COI_Rev,noprimer_,19380
PCR5_NNTGTAGCTA,Locus_COI_Fwd,noprimer_,25233
PCR5_NNTGTAGCTA,Locus_COI_Rev,noprimer_,21900
PCR5_NNTGTATGCA,Locus_COI_Fwd,noprimer_,24518
PCR5_NNTGTATGCA,Locus_COI_Rev,noprimer_,17219
PCR5_NNTGTCACAC,Locus_COI_Fwd,noprimer_,44615
PCR5_NNTGTCACAC,Locus_COI_Rev,noprimer_,34494
PCR5_NNTGTCAGTA,Locus_COI_Fwd,noprimer_,22352
PCR5_NNTGTCAGTA,Locus_COI_Rev,noprimer_,17083
PCR6_NNNNTGTGAGAG,all_loci,demultiplexing,41663
PCR6_NNNNACACACAC,all_loci,demultiplexing,103324
PCR6_NNNACACAGCA,all_loci,demultiplexing,114628
PCR6_NNAGCGCTCG,all_loci,demultiplexing,137184
PCR6_NNNNATGTCTGC,all_loci,demultiplexing,88132
PCR6_NNNGTGCAGAC,all_loci,demultiplexing,99219
PCR6_NNTAGCAGTG,all_loci,demultiplexing,115355
PCR6_NNNNTCATATAC,all_loci,demultiplexing,41846
PCR6_NNNGCGTCAGA,all_loci,demultiplexing,146344
PCR6_NNGACACACG,all_loci,demultiplexing,96587
PCR6_NNNNGACAGAGC,all_loci,demultiplexing,82802
PCR6_NNNTCATCTGA,all_loci,demultiplexing,69635
PCR6_NNTGTAGACT,all_loci,demultiplexing,81055
PCR6_NNNNGTACTAGT,all_loci,demultiplexing,61766
PCR6_NNNGACATATA,all_loci,demultiplexing,56988
PCR6_NNACAGTCGT,all_loci,demultiplexing,130205
PCR6_NNNNTCGACTCT,all_loci,demultiplexing,60616
PCR6_NNNGTGTCGTC,all_loci,demultiplexing,127960
PCR6_NNTGTCACAC,all_loci,demultiplexing,82158
PCR6_NNNNGCGTATGT,all_loci,demultiplexing,66552
PCR6_NNNACGACACG,all_loci,demultiplexing,32749
PCR6_NNGACGCTAG,all_loci,demultiplexing,74063
PCR6_NNNNTGTCTATC,all_loci,demultiplexing,53810
PCR6_NNNGACGTCTG,all_loci,demultiplexing,113041
PCR6_NNAGTCAGAT,all_loci,demultiplexing,90445
PCR6_NNNNGCGACGTG,all_loci,demultiplexing,320
PCR6_NNNAGCGAGTC,all_loci,demultiplexing,97763
PCR6_NNATGTCGAG,all_loci,demultiplexing,126647
PCR6_NNNNGCGAGTAG,all_loci,demultiplexing,75162
PCR6_NNNACACTAGC,all_loci,demultiplexing,82731
PCR6_NNTCATACGT,all_loci,demultiplexing,84671
PCR6_NNNNAGCTATAG,all_loci,demultiplexing,287
PCR6_NNNACAGACTA,all_loci,demultiplexing,5
PCR6_NNACAGAGAG,all_loci,demultiplexing,1
PCR6_NNNNGACAGCAG,all_loci,demultiplexing,193
PCR6_NNNACAGCGTC,all_loci,demultiplexing,1
PCR6_NNAGCTGACG,all_loci,demultiplexing,0
PCR6_NNNACACGACG,all_loci,demultiplexing,121827
PCR6_NNNNGACATCGT,all_loci,demultiplexing,43784
PCR6_NNNGTGCACTA,all_loci,demultiplexing,61863
PCR6_NNATCGCAGT,all_loci,demultiplexing,90031
PCR6_NNTGCTCGAT,all_loci,demultiplexing,146721
PCR6_NNNNACATATCG,all_loci,demultiplexing,59642
PCR6_NNNGACGAGCA,all_loci,demultiplexing,116735
PCR6_NNGCGTACAC,all_loci,demultiplexing,136790
PCR6_NNNNACATGATA,all_loci,demultiplexing,65936
PCR6_NNNACATGCAG,all_loci,demultiplexing,96369
PCR6_NNGACGTACT,all_loci,demultiplexing,75473
PCR6_NNNNACGACGAC,all_loci,demultiplexing,91205
PCR6_NNNGACTACGA,all_loci,demultiplexing,67018
PCR6_NNAGTCATCG,all_loci,demultiplexing,132962
PCR6_NNNNACACATGT,all_loci,demultiplexing,96812
PCR6_NNNNTGCTGCAC,all_loci,demultiplexing,106510
PCR6_NNNNGACACGAC,all_loci,demultiplexing,69150
PCR6_NNNTGTACAGC,all_loci,demultiplexing,106800
PCR6_NNTCAGTATA,all_loci,demultiplexing,41219
PCR6_NNNNTCAGTCAC,all_loci,demultiplexing,60739
PCR6_NNNACAGCTAT,all_loci,demultiplexing,44
PCR6_NNTGTAGCTA,all_loci,demultiplexing,63465
PCR6_NNNNGTGTCACT,all_loci,demultiplexing,101575
PCR6_NNNTGTATCGT,all_loci,demultiplexing,57558
PCR6_NNTAGCGATA,all_loci,demultiplexing,60825
PCR6_NNNNACATCAGT,all_loci,demultiplexing,35023
PCR6_NNNGTGTGAGC,all_loci,demultiplexing,80851
PCR6_NNTGTCAGTA,all_loci,demultiplexing,72554
PCR6_NNNNTACACGCT,all_loci,demultiplexing,39511
PCR6_NNNAGTATGTC,all_loci,demultiplexing,27662
PCR6_NNTCAGCTCG,all_loci,demultiplexing,108583
PCR6_NNNNTACAGTAC,all_loci,demultiplexing,4
PCR6_NNNACGACTGA,all_loci,demultiplexing,69525
PCR6_NNAGTCGATA,all_loci,demultiplexing,56045
PCR6_NNNGTGCGACG,all_loci,demultiplexing,108208
PCR6_NNTGCTCAGA,all_loci,demultiplexing,135682
PCR6_NNNNTCGTGCTC,all_loci,demultiplexing,131136
PCR6_NNNGTACGCTG,all_loci,demultiplexing,108512
PCR6_NNACACGCGA,all_loci,demultiplexing,183194
PCR6_NNNNACACTCTG,all_loci,demultiplexing,96094
PCR6_NNNACACTGAT,all_loci,demultiplexing,119241
PCR6_NNAGCTAGCA,all_loci,demultiplexing,152014
PCR6_NNNNGACACTGA,all_loci,demultiplexing,111
PCR6_NNNAGATCTCT,all_loci,demultiplexing,65
PCR6_NNTGTACTAT,all_loci,demultiplexing,263
PCR6_NNNNGACAGTCT,all_loci,demultiplexing,37374
PCR6_NNNGTGTAGCA,all_loci,demultiplexing,29387
PCR6_NNGCGCGCGC,all_loci,demultiplexing,83474
PCR6_NNACACGCGA,Locus_COI_Fwd,noprimer_,99877
PCR6_NNACACGCGA,Locus_COI_Rev,noprimer_,82886
PCR6_NNACAGAGAG,Locus_COI_Fwd,noprimer_,0
PCR6_NNACAGAGAG,Locus_COI_Rev,noprimer_,0
PCR6_NNACAGTCGT,Locus_COI_Fwd,noprimer_,70811
PCR6_NNACAGTCGT,Locus_COI_Rev,noprimer_,58629
PCR6_NNAGCGCTCG,Locus_COI_Fwd,noprimer_,71103
PCR6_NNAGCGCTCG,Locus_COI_Rev,noprimer_,63985
PCR6_NNAGCTAGCA,Locus_COI_Fwd,noprimer_,81817
PCR6_NNAGCTAGCA,Locus_COI_Rev,noprimer_,69973
iteration ,Error,Error,Error
PCR6_NNAGTCAGAT,Locus_COI_Fwd,noprimer_,49268
PCR6_NNAGTCAGAT,Locus_COI_Rev,noprimer_,40439
PCR6_NNAGTCATCG,Locus_COI_Fwd,noprimer_,72232
PCR6_NNAGTCATCG,Locus_COI_Rev,noprimer_,60098
PCR6_NNAGTCGATA,Locus_COI_Fwd,noprimer_,32821
PCR6_NNAGTCGATA,Locus_COI_Rev,noprimer_,23128
PCR6_NNATCGCAGT,Locus_COI_Fwd,noprimer_,46370
PCR6_NNATCGCAGT,Locus_COI_Rev,noprimer_,43394
PCR6_NNATGTCGAG,Locus_COI_Fwd,noprimer_,67885
PCR6_NNATGTCGAG,Locus_COI_Rev,noprimer_,58100
PCR6_NNGACACACG,Locus_COI_Fwd,noprimer_,50453
PCR6_NNGACACACG,Locus_COI_Rev,noprimer_,45717
PCR6_NNGACGCTAG,Locus_COI_Fwd,noprimer_,38481
PCR6_NNGACGCTAG,Locus_COI_Rev,noprimer_,35281
PCR6_NNGACGTACT,Locus_COI_Fwd,noprimer_,39401
PCR6_NNGACGTACT,Locus_COI_Rev,noprimer_,35267
PCR6_NNGCGCGCGC,Locus_COI_Fwd,noprimer_,44848
PCR6_NNGCGCGCGC,Locus_COI_Rev,noprimer_,38465
PCR6_NNGCGTACAC,Locus_COI_Fwd,noprimer_,77453
PCR6_NNGCGTACAC,Locus_COI_Rev,noprimer_,59002
PCR6_NNNACACAGCA,Locus_COI_Fwd,noprimer_,59313
PCR6_NNNACACAGCA,Locus_COI_Rev,noprimer_,53527
PCR6_NNNACACGACG,Locus_COI_Fwd,noprimer_,64594
PCR6_NNNACACGACG,Locus_COI_Rev,noprimer_,56615
PCR6_NNNACACTAGC,Locus_COI_Fwd,noprimer_,43561
PCR6_NNNACACTAGC,Locus_COI_Rev,noprimer_,38759
PCR6_NNNACACTGAT,Locus_COI_Fwd,noprimer_,63011
PCR6_NNNACACTGAT,Locus_COI_Rev,noprimer_,55972
PCR6_NNNACAGACTA,Locus_COI_Fwd,noprimer_,0
PCR6_NNNACAGACTA,Locus_COI_Rev,noprimer_,1
PCR6_NNNACAGCGTC,Locus_COI_Fwd,noprimer_,1
PCR6_NNNACAGCGTC,Locus_COI_Rev,noprimer_,0
PCR6_NNNACAGCTAT,Locus_COI_Fwd,noprimer_,21
PCR6_NNNACAGCTAT,Locus_COI_Rev,noprimer_,19
PCR6_NNNACATGCAG,Locus_COI_Fwd,noprimer_,51824
PCR6_NNNACATGCAG,Locus_COI_Rev,noprimer_,44118
PCR6_NNNACGACACG,Locus_COI_Fwd,noprimer_,17345
PCR6_NNNACGACACG,Locus_COI_Rev,noprimer_,15237
PCR6_NNNACGACTGA,Locus_COI_Fwd,noprimer_,38643
PCR6_NNNACGACTGA,Locus_COI_Rev,noprimer_,30688
PCR6_NNNAGATCTCT,Locus_COI_Fwd,noprimer_,34
PCR6_NNNAGATCTCT,Locus_COI_Rev,noprimer_,26
PCR6_NNNAGCGAGTC,Locus_COI_Fwd,noprimer_,56197
PCR6_NNNAGCGAGTC,Locus_COI_Rev,noprimer_,40483
PCR6_NNNAGTATGTC,Locus_COI_Fwd,noprimer_,15972
PCR6_NNNAGTATGTC,Locus_COI_Rev,noprimer_,11532
PCR6_NNNGACATATA,Locus_COI_Fwd,noprimer_,34854
PCR6_NNNGACATATA,Locus_COI_Rev,noprimer_,21926
PCR6_NNNGACGAGCA,Locus_COI_Fwd,noprimer_,63316
PCR6_NNNGACGAGCA,Locus_COI_Rev,noprimer_,53181
PCR6_NNNGACGTCTG,Locus_COI_Fwd,noprimer_,59542
PCR6_NNNGACGTCTG,Locus_COI_Rev,noprimer_,52912
PCR6_NNNGACTACGA,Locus_COI_Fwd,noprimer_,36920
PCR6_NNNGACTACGA,Locus_COI_Rev,noprimer_,29629
PCR6_NNNGCGTCAGA,Locus_COI_Fwd,noprimer_,81837
PCR6_NNNGCGTCAGA,Locus_COI_Rev,noprimer_,63575
PCR6_NNNGTACGCTG,Locus_COI_Fwd,noprimer_,56115
PCR6_NNNGTACGCTG,Locus_COI_Rev,noprimer_,52157
PCR6_NNNGTGCACTA,Locus_COI_Fwd,noprimer_,34370
PCR6_NNNGTGCACTA,Locus_COI_Rev,noprimer_,27342
PCR6_NNNGTGCAGAC,Locus_COI_Fwd,noprimer_,53495
PCR6_NNNGTGCAGAC,Locus_COI_Rev,noprimer_,41136
PCR6_NNNGTGCGACG,Locus_COI_Fwd,noprimer_,56006
PCR6_NNNGTGCGACG,Locus_COI_Rev,noprimer_,50489
PCR6_NNNGTGTAGCA,Locus_COI_Fwd,noprimer_,15814
PCR6_NNNGTGTAGCA,Locus_COI_Rev,noprimer_,13514
PCR6_NNNGTGTCGTC,Locus_COI_Fwd,noprimer_,70573
PCR6_NNNGTGTCGTC,Locus_COI_Rev,noprimer_,55785
PCR6_NNNGTGTGAGC,Locus_COI_Fwd,noprimer_,42862
PCR6_NNNGTGTGAGC,Locus_COI_Rev,noprimer_,37646
PCR6_NNNNACACACAC,Locus_COI_Fwd,noprimer_,56441
PCR6_NNNNACACACAC,Locus_COI_Rev,noprimer_,45998
PCR6_NNNNACACATGT,Locus_COI_Fwd,noprimer_,52075
PCR6_NNNNACACATGT,Locus_COI_Rev,noprimer_,44471
PCR6_NNNNACACTCTG,Locus_COI_Fwd,noprimer_,51142
PCR6_NNNNACACTCTG,Locus_COI_Rev,noprimer_,44759
PCR6_NNNNACATATCG,Locus_COI_Fwd,noprimer_,32877
PCR6_NNNNACATATCG,Locus_COI_Rev,noprimer_,26600
PCR6_NNNNACATCAGT,Locus_COI_Fwd,noprimer_,18294
PCR6_NNNNACATCAGT,Locus_COI_Rev,noprimer_,16647
PCR6_NNNNACATGATA,Locus_COI_Fwd,noprimer_,40356
PCR6_NNNNACATGATA,Locus_COI_Rev,noprimer_,24194
PCR6_NNNNACGACGAC,Locus_COI_Fwd,noprimer_,49404
PCR6_NNNNACGACGAC,Locus_COI_Rev,noprimer_,40831
PCR6_NNNNAGCTATAG,Locus_COI_Fwd,noprimer_,118
PCR6_NNNNAGCTATAG,Locus_COI_Rev,noprimer_,166
PCR6_NNNNATGTCTGC,Locus_COI_Fwd,noprimer_,45215
PCR6_NNNNATGTCTGC,Locus_COI_Rev,noprimer_,40712
PCR6_NNNNGACACGAC,Locus_COI_Fwd,noprimer_,37213
PCR6_NNNNGACACGAC,Locus_COI_Rev,noprimer_,31782
PCR6_NNNNGACACTGA,Locus_COI_Fwd,noprimer_,60
PCR6_NNNNGACACTGA,Locus_COI_Rev,noprimer_,44
PCR6_NNNNGACAGAGC,Locus_COI_Fwd,noprimer_,43481
PCR6_NNNNGACAGAGC,Locus_COI_Rev,noprimer_,38837
PCR6_NNNNGACAGCAG,Locus_COI_Fwd,noprimer_,87
PCR6_NNNNGACAGCAG,Locus_COI_Rev,noprimer_,70
PCR6_NNNNGACAGTCT,Locus_COI_Fwd,noprimer_,19519
PCR6_NNNNGACAGTCT,Locus_COI_Rev,noprimer_,17715
PCR6_NNNNGACATCGT,Locus_COI_Fwd,noprimer_,23391
PCR6_NNNNGACATCGT,Locus_COI_Rev,noprimer_,20289
PCR6_NNNNGCGACGTG,Locus_COI_Fwd,noprimer_,174
PCR6_NNNNGCGACGTG,Locus_COI_Rev,noprimer_,141
PCR6_NNNNGCGAGTAG,Locus_COI_Fwd,noprimer_,41316
PCR6_NNNNGCGAGTAG,Locus_COI_Rev,noprimer_,33530
PCR6_NNNNGCGTATGT,Locus_COI_Fwd,noprimer_,36565
PCR6_NNNNGCGTATGT,Locus_COI_Rev,noprimer_,29567
PCR6_NNNNGTACTAGT,Locus_COI_Fwd,noprimer_,32240
PCR6_NNNNGTACTAGT,Locus_COI_Rev,noprimer_,29328
PCR6_NNNNGTGTCACT,Locus_COI_Fwd,noprimer_,52923
PCR6_NNNNGTGTCACT,Locus_COI_Rev,noprimer_,48480
PCR6_NNNNTACACGCT,Locus_COI_Fwd,noprimer_,20455
PCR6_NNNNTACACGCT,Locus_COI_Rev,noprimer_,18985
PCR6_NNNNTACAGTAC,Locus_COI_Fwd,noprimer_,0
PCR6_NNNNTACAGTAC,Locus_COI_Rev,noprimer_,1
PCR6_NNNNTCAGTCAC,Locus_COI_Fwd,noprimer_,33910
PCR6_NNNNTCAGTCAC,Locus_COI_Rev,noprimer_,26639
PCR6_NNNNTCATATAC,Locus_COI_Fwd,noprimer_,25017
PCR6_NNNNTCATATAC,Locus_COI_Rev,noprimer_,16507
PCR6_NNNNTCGACTCT,Locus_COI_Fwd,noprimer_,32016
PCR6_NNNNTCGACTCT,Locus_COI_Rev,noprimer_,28247
PCR6_NNNNTCGTGCTC,Locus_COI_Fwd,noprimer_,71474
PCR6_NNNNTCGTGCTC,Locus_COI_Rev,noprimer_,59371
PCR6_NNNNTGCTGCAC,Locus_COI_Fwd,noprimer_,56782
PCR6_NNNNTGCTGCAC,Locus_COI_Rev,noprimer_,48249
PCR6_NNNNTGTCTATC,Locus_COI_Fwd,noprimer_,29243
PCR6_NNNNTGTCTATC,Locus_COI_Rev,noprimer_,22903
PCR6_NNNNTGTGAGAG,Locus_COI_Fwd,noprimer_,23663
PCR6_NNNNTGTGAGAG,Locus_COI_Rev,noprimer_,17768
PCR6_NNNTCATCTGA,Locus_COI_Fwd,noprimer_,38396
PCR6_NNNTCATCTGA,Locus_COI_Rev,noprimer_,30774
PCR6_NNNTGTACAGC,Locus_COI_Fwd,noprimer_,55690
PCR6_NNNTGTACAGC,Locus_COI_Rev,noprimer_,50919
PCR6_NNNTGTATCGT,Locus_COI_Fwd,noprimer_,31448
PCR6_NNNTGTATCGT,Locus_COI_Rev,noprimer_,26024
PCR6_NNTAGCAGTG,Locus_COI_Fwd,noprimer_,58034
PCR6_NNTAGCAGTG,Locus_COI_Rev,noprimer_,54770
PCR6_NNTAGCGATA,Locus_COI_Fwd,noprimer_,36332
PCR6_NNTAGCGATA,Locus_COI_Rev,noprimer_,24397
PCR6_NNTCAGCTCG,Locus_COI_Fwd,noprimer_,57390
PCR6_NNTCAGCTCG,Locus_COI_Rev,noprimer_,51071
PCR6_NNTCAGTATA,Locus_COI_Fwd,noprimer_,25157
PCR6_NNTCAGTATA,Locus_COI_Rev,noprimer_,15946
PCR6_NNTCATACGT,Locus_COI_Fwd,noprimer_,45533
PCR6_NNTCATACGT,Locus_COI_Rev,noprimer_,38946
PCR6_NNTGCTCAGA,Locus_COI_Fwd,noprimer_,74482
PCR6_NNTGCTCAGA,Locus_COI_Rev,noprimer_,60614
PCR6_NNTGCTCGAT,Locus_COI_Fwd,noprimer_,79506
PCR6_NNTGCTCGAT,Locus_COI_Rev,noprimer_,66939
PCR6_NNTGTACTAT,Locus_COI_Fwd,noprimer_,137
PCR6_NNTGTACTAT,Locus_COI_Rev,noprimer_,111
PCR6_NNTGTAGACT,Locus_COI_Fwd,noprimer_,43516
PCR6_NNTGTAGACT,Locus_COI_Rev,noprimer_,37103
PCR6_NNTGTAGCTA,Locus_COI_Fwd,noprimer_,34218
PCR6_NNTGTAGCTA,Locus_COI_Rev,noprimer_,29096
PCR6_NNTGTCACAC,Locus_COI_Fwd,noprimer_,45952
PCR6_NNTGTCACAC,Locus_COI_Rev,noprimer_,35725
PCR6_NNTGTCAGTA,Locus_COI_Fwd,noprimer_,40561
PCR6_NNTGTCAGTA,Locus_COI_Rev,noprimer_,31878
PCR7_NNACGAGCAT,all_loci,demultiplexing,0
PCR7_NNNNACACACAC,all_loci,demultiplexing,93736
PCR7_NNNACACAGCA,all_loci,demultiplexing,109783
PCR7_NNAGCGCTCG,all_loci,demultiplexing,210032
PCR7_NNNNATGTCTGC,all_loci,demultiplexing,68826
PCR7_NNNGTGCAGAC,all_loci,demultiplexing,57273
PCR7_NNNNTCATATAC,all_loci,demultiplexing,11
PCR7_NNNGCGTCAGA,all_loci,demultiplexing,28
PCR7_NNGACACACG,all_loci,demultiplexing,153
PCR7_NNNNGTACTAGT,all_loci,demultiplexing,42594
PCR7_NNNGACATATA,all_loci,demultiplexing,65801
PCR7_NNACAGTCGT,all_loci,demultiplexing,71971
PCR7_NNNNTCGACTCT,all_loci,demultiplexing,128328
PCR7_NNNGTGTCGTC,all_loci,demultiplexing,111924
PCR7_NNTGTCACAC,all_loci,demultiplexing,118584
PCR7_NNNNGCGTATGT,all_loci,demultiplexing,89512
PCR7_NNNACGACACG,all_loci,demultiplexing,62209
PCR7_NNGACGCTAG,all_loci,demultiplexing,53934
PCR7_NNNNTGTCTATC,all_loci,demultiplexing,37474
PCR7_NNNGACGTCTG,all_loci,demultiplexing,78332
PCR7_NNAGTCAGAT,all_loci,demultiplexing,82771
PCR7_NNNTCATCTGA,all_loci,demultiplexing,29324
PCR7_NNTGTAGACT,all_loci,demultiplexing,68112
PCR7_NNNNGCGACGTG,all_loci,demultiplexing,58405
PCR7_NNNAGCGAGTC,all_loci,demultiplexing,61534
PCR7_NNATGTCGAG,all_loci,demultiplexing,66104
PCR7_NNNNGCGAGTAG,all_loci,demultiplexing,84037
PCR7_NNNACACTAGC,all_loci,demultiplexing,111472
PCR7_NNTCATACGT,all_loci,demultiplexing,114028
PCR7_NNNNGACAGCAG,all_loci,demultiplexing,16
PCR7_NNNACAGCGTC,all_loci,demultiplexing,0
PCR7_NNAGCTGACG,all_loci,demultiplexing,2
PCR7_NNNNGACATCGT,all_loci,demultiplexing,24176
PCR7_NNNGTGCACTA,all_loci,demultiplexing,49574
PCR7_NNATCGCAGT,all_loci,demultiplexing,77037
PCR7_NNNNACGACGAC,all_loci,demultiplexing,114083
PCR7_NNNGACTACGA,all_loci,demultiplexing,79167
PCR7_NNAGTCATCG,all_loci,demultiplexing,129263
PCR7_NNNNACACATGT,all_loci,demultiplexing,33737
PCR7_NNNACACGACG,all_loci,demultiplexing,46589
PCR7_NNTGCTCGAT,all_loci,demultiplexing,63301
PCR7_NNNNTGCTGCAC,all_loci,demultiplexing,85991
PCR7_NNNGTGCGACG,all_loci,demultiplexing,88687
PCR7_NNTGCTCAGA,all_loci,demultiplexing,89420
PCR7_NNNNGACACGAC,all_loci,demultiplexing,81731
PCR7_NNNTGTACAGC,all_loci,demultiplexing,141182
PCR7_NNTCAGTATA,all_loci,demultiplexing,79344
PCR7_NNNNTCAGTCAC,all_loci,demultiplexing,69673
PCR7_NNNACAGCTAT,all_loci,demultiplexing,55145
PCR7_NNTGTAGCTA,all_loci,demultiplexing,111172
PCR7_NNNNGTGTCACT,all_loci,demultiplexing,105102
PCR7_NNNTGTATCGT,all_loci,demultiplexing,45295
PCR7_NNTAGCGATA,all_loci,demultiplexing,81943
PCR7_NNNNACATCAGT,all_loci,demultiplexing,8082
PCR7_NNNGTGTGAGC,all_loci,demultiplexing,55870
PCR7_NNTGTCAGTA,all_loci,demultiplexing,42245
PCR7_NNNNTACAGTAC,all_loci,demultiplexing,20308
PCR7_NNNACGACTGA,all_loci,demultiplexing,41772
PCR7_NNAGTCGATA,all_loci,demultiplexing,39907
PCR7_NNNNTCGTGCTC,all_loci,demultiplexing,184914
PCR7_NNNGTACGCTG,all_loci,demultiplexing,86784
PCR7_NNACACGCGA,all_loci,demultiplexing,127755
PCR7_NNNNACACTCTG,all_loci,demultiplexing,40463
PCR7_NNNACACTGAT,all_loci,demultiplexing,87192
PCR7_NNAGCTAGCA,all_loci,demultiplexing,88950
PCR7_NNNNGACACTGA,all_loci,demultiplexing,60162
PCR7_NNNAGATCTCT,all_loci,demultiplexing,112575
PCR7_NNTGTACTAT,all_loci,demultiplexing,82331
PCR7_NNNNGACAGTCT,all_loci,demultiplexing,33043
PCR7_NNNGTGTAGCA,all_loci,demultiplexing,29136
PCR7_NNGCGCGCGC,all_loci,demultiplexing,26538
PCR7_NNACACGCGA,Locus_COI_Fwd,noprimer_,85337
PCR7_NNACACGCGA,Locus_COI_Rev,noprimer_,42144
PCR7_NNACAGTCGT,Locus_COI_Fwd,noprimer_,48548
PCR7_NNACAGTCGT,Locus_COI_Rev,noprimer_,23089
iteration ,Error,Error,Error
PCR7_NNAGCGCTCG,Locus_COI_Fwd,noprimer_,126124
PCR7_NNAGCGCTCG,Locus_COI_Rev,noprimer_,83372
PCR7_NNAGCTAGCA,Locus_COI_Fwd,noprimer_,56982
PCR7_NNAGCTAGCA,Locus_COI_Rev,noprimer_,31698
PCR7_NNAGCTGACG,Locus_COI_Fwd,noprimer_,2
PCR7_NNAGCTGACG,Locus_COI_Rev,noprimer_,0
PCR7_NNAGTCAGAT,Locus_COI_Fwd,noprimer_,56731
PCR7_NNAGTCAGAT,Locus_COI_Rev,noprimer_,25643
PCR7_NNAGTCATCG,Locus_COI_Fwd,noprimer_,81012
PCR7_NNAGTCATCG,Locus_COI_Rev,noprimer_,47867
PCR7_NNAGTCGATA,Locus_COI_Fwd,noprimer_,29391
PCR7_NNAGTCGATA,Locus_COI_Rev,noprimer_,10305
PCR7_NNATCGCAGT,Locus_COI_Fwd,noprimer_,46492
PCR7_NNATCGCAGT,Locus_COI_Rev,noprimer_,30309
PCR7_NNATGTCGAG,Locus_COI_Fwd,noprimer_,43700
PCR7_NNATGTCGAG,Locus_COI_Rev,noprimer_,22224
PCR7_NNGACACACG,Locus_COI_Fwd,noprimer_,110
PCR7_NNGACACACG,Locus_COI_Rev,noprimer_,37
PCR7_NNGACGCTAG,Locus_COI_Fwd,noprimer_,33424
PCR7_NNGACGCTAG,Locus_COI_Rev,noprimer_,20264
PCR7_NNGCGCGCGC,Locus_COI_Fwd,noprimer_,16207
PCR7_NNGCGCGCGC,Locus_COI_Rev,noprimer_,10189
PCR7_NNNACACAGCA,Locus_COI_Fwd,noprimer_,65743
PCR7_NNNACACAGCA,Locus_COI_Rev,noprimer_,43394
PCR7_NNNACACGACG,Locus_COI_Fwd,noprimer_,28848
PCR7_NNNACACGACG,Locus_COI_Rev,noprimer_,17603
PCR7_NNNACACTAGC,Locus_COI_Fwd,noprimer_,69669
PCR7_NNNACACTAGC,Locus_COI_Rev,noprimer_,41181
PCR7_NNNACACTGAT,Locus_COI_Fwd,noprimer_,54630
PCR7_NNNACACTGAT,Locus_COI_Rev,noprimer_,32291
iteration ,Error,Error,Error
PCR7_NNNACAGCTAT,Locus_COI_Fwd,noprimer_,33684
PCR7_NNNACAGCTAT,Locus_COI_Rev,noprimer_,21236
PCR7_NNNACGACACG,Locus_COI_Fwd,noprimer_,39672
PCR7_NNNACGACACG,Locus_COI_Rev,noprimer_,22309
PCR7_NNNACGACTGA,Locus_COI_Fwd,noprimer_,28577
PCR7_NNNACGACTGA,Locus_COI_Rev,noprimer_,12997
PCR7_NNNAGATCTCT,Locus_COI_Fwd,noprimer_,71024
PCR7_NNNAGATCTCT,Locus_COI_Rev,noprimer_,41105
PCR7_NNNAGCGAGTC,Locus_COI_Fwd,noprimer_,44766
PCR7_NNNAGCGAGTC,Locus_COI_Rev,noprimer_,16367
PCR7_NNNGACATATA,Locus_COI_Fwd,noprimer_,52109
PCR7_NNNGACATATA,Locus_COI_Rev,noprimer_,13457
PCR7_NNNGACGTCTG,Locus_COI_Fwd,noprimer_,48361
PCR7_NNNGACGTCTG,Locus_COI_Rev,noprimer_,29637
PCR7_NNNGACTACGA,Locus_COI_Fwd,noprimer_,52858
PCR7_NNNGACTACGA,Locus_COI_Rev,noprimer_,26111
PCR7_NNNGCGTCAGA,Locus_COI_Fwd,noprimer_,17
PCR7_NNNGCGTCAGA,Locus_COI_Rev,noprimer_,9
PCR7_NNNGTACGCTG,Locus_COI_Fwd,noprimer_,51527
PCR7_NNNGTACGCTG,Locus_COI_Rev,noprimer_,35024
PCR7_NNNGTGCACTA,Locus_COI_Fwd,noprimer_,34314
PCR7_NNNGTGCACTA,Locus_COI_Rev,noprimer_,15091
PCR7_NNNGTGCAGAC,Locus_COI_Fwd,noprimer_,39914
PCR7_NNNGTGCAGAC,Locus_COI_Rev,noprimer_,17091
PCR7_NNNGTGCGACG,Locus_COI_Fwd,noprimer_,52797
PCR7_NNNGTGCGACG,Locus_COI_Rev,noprimer_,35582
PCR7_NNNGTGTAGCA,Locus_COI_Fwd,noprimer_,19413
PCR7_NNNGTGTAGCA,Locus_COI_Rev,noprimer_,9548
PCR7_NNNGTGTCGTC,Locus_COI_Fwd,noprimer_,75436
PCR7_NNNGTGTCGTC,Locus_COI_Rev,noprimer_,35621
PCR7_NNNGTGTGAGC,Locus_COI_Fwd,noprimer_,33866
PCR7_NNNGTGTGAGC,Locus_COI_Rev,noprimer_,21496
PCR7_NNNNACACACAC,Locus_COI_Fwd,noprimer_,64127
PCR7_NNNNACACACAC,Locus_COI_Rev,noprimer_,29249
PCR7_NNNNACACATGT,Locus_COI_Fwd,noprimer_,22208
PCR7_NNNNACACATGT,Locus_COI_Rev,noprimer_,11429
PCR7_NNNNACACTCTG,Locus_COI_Fwd,noprimer_,25821
PCR7_NNNNACACTCTG,Locus_COI_Rev,noprimer_,14527
PCR7_NNNNACATCAGT,Locus_COI_Fwd,noprimer_,5003
PCR7_NNNNACATCAGT,Locus_COI_Rev,noprimer_,3060
PCR7_NNNNACGACGAC,Locus_COI_Fwd,noprimer_,72842
PCR7_NNNNACGACGAC,Locus_COI_Rev,noprimer_,40704
PCR7_NNNNATGTCTGC,Locus_COI_Fwd,noprimer_,40996
PCR7_NNNNATGTCTGC,Locus_COI_Rev,noprimer_,27485
PCR7_NNNNGACACGAC,Locus_COI_Fwd,noprimer_,52358
PCR7_NNNNGACACGAC,Locus_COI_Rev,noprimer_,29048
PCR7_NNNNGACACTGA,Locus_COI_Fwd,noprimer_,40218
PCR7_NNNNGACACTGA,Locus_COI_Rev,noprimer_,19678
PCR7_NNNNGACAGCAG,Locus_COI_Fwd,noprimer_,4
PCR7_NNNNGACAGCAG,Locus_COI_Rev,noprimer_,5
PCR7_NNNNGACAGTCT,Locus_COI_Fwd,noprimer_,20459
PCR7_NNNNGACAGTCT,Locus_COI_Rev,noprimer_,12395
PCR7_NNNNGACATCGT,Locus_COI_Fwd,noprimer_,15943
PCR7_NNNNGACATCGT,Locus_COI_Rev,noprimer_,8163
PCR7_NNNNGCGACGTG,Locus_COI_Fwd,noprimer_,35518
PCR7_NNNNGCGACGTG,Locus_COI_Rev,noprimer_,21508
PCR7_NNNNGCGAGTAG,Locus_COI_Fwd,noprimer_,57772
PCR7_NNNNGCGAGTAG,Locus_COI_Rev,noprimer_,25811
PCR7_NNNNGCGTATGT,Locus_COI_Fwd,noprimer_,61916
PCR7_NNNNGCGTATGT,Locus_COI_Rev,noprimer_,26601
PCR7_NNNNGTACTAGT,Locus_COI_Fwd,noprimer_,26454
PCR7_NNNNGTACTAGT,Locus_COI_Rev,noprimer_,15956
PCR7_NNNNGTGTCACT,Locus_COI_Fwd,noprimer_,64302
PCR7_NNNNGTGTCACT,Locus_COI_Rev,noprimer_,40533
PCR7_NNNNTACAGTAC,Locus_COI_Fwd,noprimer_,14417
PCR7_NNNNTACAGTAC,Locus_COI_Rev,noprimer_,5719
PCR7_NNNNTCAGTCAC,Locus_COI_Fwd,noprimer_,47747
PCR7_NNNNTCAGTCAC,Locus_COI_Rev,noprimer_,21527
PCR7_NNNNTCATATAC,Locus_COI_Fwd,noprimer_,0
PCR7_NNNNTCATATAC,Locus_COI_Rev,noprimer_,0
PCR7_NNNNTCGACTCT,Locus_COI_Fwd,noprimer_,79294
PCR7_NNNNTCGACTCT,Locus_COI_Rev,noprimer_,48617
PCR7_NNNNTCGTGCTC,Locus_COI_Fwd,noprimer_,124777
PCR7_NNNNTCGTGCTC,Locus_COI_Rev,noprimer_,59647
PCR7_NNNNTGCTGCAC,Locus_COI_Fwd,noprimer_,54220
PCR7_NNNNTGCTGCAC,Locus_COI_Rev,noprimer_,31440
PCR7_NNNNTGTCTATC,Locus_COI_Fwd,noprimer_,25760
PCR7_NNNNTGTCTATC,Locus_COI_Rev,noprimer_,11292
PCR7_NNNTCATCTGA,Locus_COI_Fwd,noprimer_,19596
PCR7_NNNTCATCTGA,Locus_COI_Rev,noprimer_,9540
PCR7_NNNTGTACAGC,Locus_COI_Fwd,noprimer_,81974
PCR7_NNNTGTACAGC,Locus_COI_Rev,noprimer_,58827
PCR7_NNNTGTATCGT,Locus_COI_Fwd,noprimer_,29701
PCR7_NNNTGTATCGT,Locus_COI_Rev,noprimer_,15487
PCR7_NNTAGCGATA,Locus_COI_Fwd,noprimer_,61401
PCR7_NNTAGCGATA,Locus_COI_Rev,noprimer_,20333
PCR7_NNTCAGTATA,Locus_COI_Fwd,noprimer_,61653
PCR7_NNTCAGTATA,Locus_COI_Rev,noprimer_,17434
PCR7_NNTCATACGT,Locus_COI_Fwd,noprimer_,76490
PCR7_NNTCATACGT,Locus_COI_Rev,noprimer_,37216
PCR7_NNTGCTCAGA,Locus_COI_Fwd,noprimer_,60914
PCR7_NNTGCTCAGA,Locus_COI_Rev,noprimer_,28347
PCR7_NNTGCTCGAT,Locus_COI_Fwd,noprimer_,42156
PCR7_NNTGCTCGAT,Locus_COI_Rev,noprimer_,21021
PCR7_NNTGTACTAT,Locus_COI_Fwd,noprimer_,57147
PCR7_NNTGTACTAT,Locus_COI_Rev,noprimer_,24750
PCR7_NNTGTAGACT,Locus_COI_Fwd,noprimer_,42888
PCR7_NNTGTAGACT,Locus_COI_Rev,noprimer_,24783
PCR7_NNTGTAGCTA,Locus_COI_Fwd,noprimer_,72706
PCR7_NNTGTAGCTA,Locus_COI_Rev,noprimer_,38104
PCR7_NNTGTCACAC,Locus_COI_Fwd,noprimer_,82713
PCR7_NNTGTCACAC,Locus_COI_Rev,noprimer_,35486
PCR7_NNTGTCAGTA,Locus_COI_Fwd,noprimer_,29218
PCR7_NNTGTCAGTA,Locus_COI_Rev,noprimer_,12913
PCR8_NNNGCTACACT,all_loci,demultiplexing,109402
PCR8_NNNNACACACAC,all_loci,demultiplexing,66211
PCR8_NNNACACAGCA,all_loci,demultiplexing,69497
PCR8_NNAGCGCTCG,all_loci,demultiplexing,135841
PCR8_NNNNATGTCTGC,all_loci,demultiplexing,49163
PCR8_NNNGTGCAGAC,all_loci,demultiplexing,66076
PCR8_NNTAGCAGTG,all_loci,demultiplexing,62469
PCR8_NNNNTCATATAC,all_loci,demultiplexing,19837
PCR8_NNNGCGTCAGA,all_loci,demultiplexing,106628
PCR8_NNGACACACG,all_loci,demultiplexing,95292
PCR8_NNNNGACAGAGC,all_loci,demultiplexing,40876
PCR8_NNNTCATCTGA,all_loci,demultiplexing,22994
PCR8_NNTGTAGACT,all_loci,demultiplexing,33172
PCR8_NNNNGTACTAGT,all_loci,demultiplexing,27384
PCR8_NNNGACATATA,all_loci,demultiplexing,18425
PCR8_NNACAGTCGT,all_loci,demultiplexing,85521
PCR8_NNNNTCGACTCT,all_loci,demultiplexing,31669
PCR8_NNNGTGTCGTC,all_loci,demultiplexing,109802
PCR8_NNTGTCACAC,all_loci,demultiplexing,65668
PCR8_NNNNGCGTATGT,all_loci,demultiplexing,46482
PCR8_NNNACGACACG,all_loci,demultiplexing,63241
PCR8_NNGACGCTAG,all_loci,demultiplexing,50095
PCR8_NNNNTGTCTATC,all_loci,demultiplexing,18002
PCR8_NNNGACGTCTG,all_loci,demultiplexing,97842
PCR8_NNAGTCAGAT,all_loci,demultiplexing,34674
PCR8_NNNNGCGACGTG,all_loci,demultiplexing,91264
PCR8_NNNAGCGAGTC,all_loci,demultiplexing,62426
PCR8_NNATGTCGAG,all_loci,demultiplexing,58925
PCR8_NNNNGCGAGTAG,all_loci,demultiplexing,54086
PCR8_NNNACACTAGC,all_loci,demultiplexing,48819
PCR8_NNTCATACGT,all_loci,demultiplexing,53812
PCR8_NNNNAGCTATAG,all_loci,demultiplexing,17813
PCR8_NNNACAGACTA,all_loci,demultiplexing,23051
PCR8_NNACAGAGAG,all_loci,demultiplexing,53861
PCR8_NNNNGACAGCAG,all_loci,demultiplexing,55749
PCR8_NNNACAGCGTC,all_loci,demultiplexing,86561
PCR8_NNAGCTGACG,all_loci,demultiplexing,107057
PCR8_NNNNGACATCGT,all_loci,demultiplexing,34728
PCR8_NNNGTGCACTA,all_loci,demultiplexing,44086
PCR8_NNATCGCAGT,all_loci,demultiplexing,101259
PCR8_NNNNACATATCG,all_loci,demultiplexing,33181
PCR8_NNNGACGAGCA,all_loci,demultiplexing,85183
PCR8_NNGCGTACAC,all_loci,demultiplexing,85007
PCR8_NNNNACATGATA,all_loci,demultiplexing,16698
PCR8_NNNACATGCAG,all_loci,demultiplexing,77753
PCR8_NNGACGTACT,all_loci,demultiplexing,39656
PCR8_NNNNACGACGAC,all_loci,demultiplexing,90462
PCR8_NNNGACTACGA,all_loci,demultiplexing,43733
PCR8_NNAGTCATCG,all_loci,demultiplexing,112706
PCR8_NNNNACACATGT,all_loci,demultiplexing,32772
PCR8_NNNACACGACG,all_loci,demultiplexing,70678
PCR8_NNTGCTCGAT,all_loci,demultiplexing,85960
PCR8_NNNNTGCTGCAC,all_loci,demultiplexing,71926
PCR8_NNNGTGCGACG,all_loci,demultiplexing,73999
PCR8_NNTGCTCAGA,all_loci,demultiplexing,75548
PCR8_NNNNGACACGAC,all_loci,demultiplexing,61645
PCR8_NNNTGTACAGC,all_loci,demultiplexing,72042
PCR8_NNTCAGTATA,all_loci,demultiplexing,24663
PCR8_NNNNTCAGTCAC,all_loci,demultiplexing,55088
PCR8_NNNACAGCTAT,all_loci,demultiplexing,29588
PCR8_NNTGTAGCTA,all_loci,demultiplexing,48048
PCR8_NNNNGTGTCACT,all_loci,demultiplexing,71831
PCR8_NNNTGTATCGT,all_loci,demultiplexing,51228
PCR8_NNTAGCGATA,all_loci,demultiplexing,46204
PCR8_NNNNACATCAGT,all_loci,demultiplexing,29455
PCR8_NNNGTGTGAGC,all_loci,demultiplexing,78512
PCR8_NNTGTCAGTA,all_loci,demultiplexing,60129
PCR8_NNNNTACACGCT,all_loci,demultiplexing,38461
PCR8_NNNAGTATGTC,all_loci,demultiplexing,33511
PCR8_NNTCAGCTCG,all_loci,demultiplexing,102833
PCR8_NNNNTACAGTAC,all_loci,demultiplexing,22163
PCR8_NNNACGACTGA,all_loci,demultiplexing,62991
PCR8_NNAGTCGATA,all_loci,demultiplexing,61114
PCR8_NNNNTCGTGCTC,all_loci,demultiplexing,74149
PCR8_NNNGTACGCTG,all_loci,demultiplexing,64282
PCR8_NNACACGCGA,all_loci,demultiplexing,120086
PCR8_NNNNACACTCTG,all_loci,demultiplexing,43056
PCR8_NNNACACTGAT,all_loci,demultiplexing,39347
PCR8_NNAGCTAGCA,all_loci,demultiplexing,62369
PCR8_NNNNGACACTGA,all_loci,demultiplexing,28407
PCR8_NNNAGATCTCT,all_loci,demultiplexing,26026
PCR8_NNTGTACTAT,all_loci,demultiplexing,27282
PCR8_NNNNGACAGTCT,all_loci,demultiplexing,55999
PCR8_NNNGTGTAGCA,all_loci,demultiplexing,62701
PCR8_NNGCGCGCGC,all_loci,demultiplexing,115177
PCR8_NNNNAGTACGCT,all_loci,demultiplexing,62576
PCR8_NNNGACGACAC,all_loci,demultiplexing,89123
PCR8_NNTGTATGCA,all_loci,demultiplexing,57436
PCR8_NNNNTGTCATGT,all_loci,demultiplexing,57659
PCR8_NNNGACGCATC,all_loci,demultiplexing,107629
PCR8_NNAGTATACG,all_loci,demultiplexing,50340
PCR8_NNACACGCGA,Locus_COI_Fwd,noprimer_,74916
PCR8_NNACACGCGA,Locus_COI_Rev,noprimer_,44936
PCR8_NNACAGAGAG,Locus_COI_Fwd,noprimer_,35417
PCR8_NNACAGAGAG,Locus_COI_Rev,noprimer_,18290
PCR8_NNACAGTCGT,Locus_COI_Fwd,noprimer_,52574
PCR8_NNACAGTCGT,Locus_COI_Rev,noprimer_,32742
PCR8_NNAGCGCTCG,Locus_COI_Fwd,noprimer_,76707
PCR8_NNAGCGCTCG,Locus_COI_Rev,noprimer_,58755
PCR8_NNAGCTAGCA,Locus_COI_Fwd,noprimer_,37126
PCR8_NNAGCTAGCA,Locus_COI_Rev,noprimer_,25130
PCR8_NNAGCTGACG,Locus_COI_Fwd,noprimer_,60648
PCR8_NNAGCTGACG,Locus_COI_Rev,noprimer_,46083
PCR8_NNAGTATACG,Locus_COI_Fwd,noprimer_,30605
PCR8_NNAGTATACG,Locus_COI_Rev,noprimer_,19666
PCR8_NNAGTCAGAT,Locus_COI_Fwd,noprimer_,21853
PCR8_NNAGTCAGAT,Locus_COI_Rev,noprimer_,12754
PCR8_NNAGTCATCG,Locus_COI_Fwd,noprimer_,66735
PCR8_NNAGTCATCG,Locus_COI_Rev,noprimer_,45736
PCR8_NNAGTCGATA,Locus_COI_Fwd,noprimer_,42824
PCR8_NNAGTCGATA,Locus_COI_Rev,noprimer_,17989
PCR8_NNATCGCAGT,Locus_COI_Fwd,noprimer_,55503
PCR8_NNATCGCAGT,Locus_COI_Rev,noprimer_,45603
PCR8_NNATGTCGAG,Locus_COI_Fwd,noprimer_,36018
PCR8_NNATGTCGAG,Locus_COI_Rev,noprimer_,22830
PCR8_NNGACACACG,Locus_COI_Fwd,noprimer_,54529
PCR8_NNGACACACG,Locus_COI_Rev,noprimer_,40520
PCR8_NNGACGCTAG,Locus_COI_Fwd,noprimer_,28373
PCR8_NNGACGCTAG,Locus_COI_Rev,noprimer_,21636
PCR8_NNGACGTACT,Locus_COI_Fwd,noprimer_,22699
PCR8_NNGACGTACT,Locus_COI_Rev,noprimer_,16829
PCR8_NNGCGCGCGC,Locus_COI_Fwd,noprimer_,65459
PCR8_NNGCGCGCGC,Locus_COI_Rev,noprimer_,49404
PCR8_NNGCGTACAC,Locus_COI_Fwd,noprimer_,55471
PCR8_NNGCGTACAC,Locus_COI_Rev,noprimer_,29375
PCR8_NNNACACAGCA,Locus_COI_Fwd,noprimer_,39348
PCR8_NNNACACAGCA,Locus_COI_Rev,noprimer_,29840
PCR8_NNNACACGACG,Locus_COI_Fwd,noprimer_,40469
PCR8_NNNACACGACG,Locus_COI_Rev,noprimer_,29868
PCR8_NNNACACTAGC,Locus_COI_Fwd,noprimer_,27734
PCR8_NNNACACTAGC,Locus_COI_Rev,noprimer_,20922
PCR8_NNNACACTGAT,Locus_COI_Fwd,noprimer_,23065
PCR8_NNNACACTGAT,Locus_COI_Rev,noprimer_,16217
PCR8_NNNACAGACTA,Locus_COI_Fwd,noprimer_,15836
PCR8_NNNACAGACTA,Locus_COI_Rev,noprimer_,7138
PCR8_NNNACAGCGTC,Locus_COI_Fwd,noprimer_,51817
PCR8_NNNACAGCGTC,Locus_COI_Rev,noprimer_,33651
PCR8_NNNACAGCTAT,Locus_COI_Fwd,noprimer_,16536
PCR8_NNNACAGCTAT,Locus_COI_Rev,noprimer_,12932
PCR8_NNNACATGCAG,Locus_COI_Fwd,noprimer_,44878
PCR8_NNNACATGCAG,Locus_COI_Rev,noprimer_,32658
PCR8_NNNACGACACG,Locus_COI_Fwd,noprimer_,37254
PCR8_NNNACGACACG,Locus_COI_Rev,noprimer_,25870
PCR8_NNNACGACTGA,Locus_COI_Fwd,noprimer_,39566
PCR8_NNNACGACTGA,Locus_COI_Rev,noprimer_,22118
PCR8_NNNAGATCTCT,Locus_COI_Fwd,noprimer_,15064
PCR8_NNNAGATCTCT,Locus_COI_Rev,noprimer_,10917
PCR8_NNNAGCGAGTC,Locus_COI_Fwd,noprimer_,42275
PCR8_NNNAGCGAGTC,Locus_COI_Rev,noprimer_,19783
PCR8_NNNAGTATGTC,Locus_COI_Fwd,noprimer_,22581
PCR8_NNNAGTATGTC,Locus_COI_Rev,noprimer_,10702
PCR8_NNNGACATATA,Locus_COI_Fwd,noprimer_,13828
PCR8_NNNGACATATA,Locus_COI_Rev,noprimer_,4563
PCR8_NNNGACGACAC,Locus_COI_Fwd,noprimer_,58816
PCR8_NNNGACGACAC,Locus_COI_Rev,noprimer_,30114
PCR8_NNNGACGAGCA,Locus_COI_Fwd,noprimer_,51969
PCR8_NNNGACGAGCA,Locus_COI_Rev,noprimer_,33087
PCR8_NNNGACGCATC,Locus_COI_Fwd,noprimer_,68165
PCR8_NNNGACGCATC,Locus_COI_Rev,noprimer_,39194
PCR8_NNNGACGTCTG,Locus_COI_Fwd,noprimer_,56231
PCR8_NNNGACGTCTG,Locus_COI_Rev,noprimer_,41401
PCR8_NNNGACTACGA,Locus_COI_Fwd,noprimer_,27218
PCR8_NNNGACTACGA,Locus_COI_Rev,noprimer_,16442
PCR8_NNNGCGTCAGA,Locus_COI_Fwd,noprimer_,68771
PCR8_NNNGCGTCAGA,Locus_COI_Rev,noprimer_,37586
PCR8_NNNGCTACACT,Locus_COI_Fwd,noprimer_,64539
PCR8_NNNGCTACACT,Locus_COI_Rev,noprimer_,44553
PCR8_NNNGTACGCTG,Locus_COI_Fwd,noprimer_,35569
PCR8_NNNGTACGCTG,Locus_COI_Rev,noprimer_,28512
PCR8_NNNGTGCACTA,Locus_COI_Fwd,noprimer_,28233
PCR8_NNNGTGCACTA,Locus_COI_Rev,noprimer_,15792
PCR8_NNNGTGCAGAC,Locus_COI_Fwd,noprimer_,42857
PCR8_NNNGTGCAGAC,Locus_COI_Rev,noprimer_,23011
PCR8_NNNGTGCGACG,Locus_COI_Fwd,noprimer_,41887
PCR8_NNNGTGCGACG,Locus_COI_Rev,noprimer_,31569
PCR8_NNNGTGTAGCA,Locus_COI_Fwd,noprimer_,38715
PCR8_NNNGTGTAGCA,Locus_COI_Rev,noprimer_,23791
PCR8_NNNGTGTCGTC,Locus_COI_Fwd,noprimer_,69997
PCR8_NNNGTGTCGTC,Locus_COI_Rev,noprimer_,39011
PCR8_NNNGTGTGAGC,Locus_COI_Fwd,noprimer_,44156
PCR8_NNNGTGTGAGC,Locus_COI_Rev,noprimer_,33687
PCR8_NNNNACACACAC,Locus_COI_Fwd,noprimer_,41572
PCR8_NNNNACACACAC,Locus_COI_Rev,noprimer_,24308
PCR8_NNNNACACATGT,Locus_COI_Fwd,noprimer_,19993
PCR8_NNNNACACATGT,Locus_COI_Rev,noprimer_,12678
PCR8_NNNNACACTCTG,Locus_COI_Fwd,noprimer_,25646
PCR8_NNNNACACTCTG,Locus_COI_Rev,noprimer_,17284
PCR8_NNNNACATATCG,Locus_COI_Fwd,noprimer_,20930
PCR8_NNNNACATATCG,Locus_COI_Rev,noprimer_,12186
PCR8_NNNNACATCAGT,Locus_COI_Fwd,noprimer_,17059
PCR8_NNNNACATCAGT,Locus_COI_Rev,noprimer_,12295
PCR8_NNNNACATGATA,Locus_COI_Fwd,noprimer_,12402
PCR8_NNNNACATGATA,Locus_COI_Rev,noprimer_,4208
PCR8_NNNNACGACGAC,Locus_COI_Fwd,noprimer_,54529
PCR8_NNNNACGACGAC,Locus_COI_Rev,noprimer_,35613
PCR8_NNNNAGCTATAG,Locus_COI_Fwd,noprimer_,11653
PCR8_NNNNAGCTATAG,Locus_COI_Rev,noprimer_,6115
PCR8_NNNNAGTACGCT,Locus_COI_Fwd,noprimer_,33668
PCR8_NNNNAGTACGCT,Locus_COI_Rev,noprimer_,28805
PCR8_NNNNATGTCTGC,Locus_COI_Fwd,noprimer_,27485
PCR8_NNNNATGTCTGC,Locus_COI_Rev,noprimer_,21521
PCR8_NNNNGACACGAC,Locus_COI_Fwd,noprimer_,37061
PCR8_NNNNGACACGAC,Locus_COI_Rev,noprimer_,24336
PCR8_NNNNGACACTGA,Locus_COI_Fwd,noprimer_,17938
PCR8_NNNNGACACTGA,Locus_COI_Rev,noprimer_,10403
PCR8_NNNNGACAGAGC,Locus_COI_Fwd,noprimer_,23744
PCR8_NNNNGACAGAGC,Locus_COI_Rev,noprimer_,17025
PCR8_NNNNGACAGCAG,Locus_COI_Fwd,noprimer_,30801
PCR8_NNNNGACAGCAG,Locus_COI_Rev,noprimer_,24693
PCR8_NNNNGACAGTCT,Locus_COI_Fwd,noprimer_,31697
PCR8_NNNNGACAGTCT,Locus_COI_Rev,noprimer_,24054
PCR8_NNNNGACATCGT,Locus_COI_Fwd,noprimer_,20997
PCR8_NNNNGACATCGT,Locus_COI_Rev,noprimer_,13663
PCR8_NNNNGCGACGTG,Locus_COI_Fwd,noprimer_,52611
PCR8_NNNNGCGACGTG,Locus_COI_Rev,noprimer_,36904
PCR8_NNNNGCGAGTAG,Locus_COI_Fwd,noprimer_,34270
PCR8_NNNNGCGAGTAG,Locus_COI_Rev,noprimer_,19606
PCR8_NNNNGCGTATGT,Locus_COI_Fwd,noprimer_,29157
PCR8_NNNNGCGTATGT,Locus_COI_Rev,noprimer_,17221
PCR8_NNNNGTACTAGT,Locus_COI_Fwd,noprimer_,15643
PCR8_NNNNGTACTAGT,Locus_COI_Rev,noprimer_,11687
PCR8_NNNNGTGTCACT,Locus_COI_Fwd,noprimer_,40739
PCR8_NNNNGTGTCACT,Locus_COI_Rev,noprimer_,30851
PCR8_NNNNTACACGCT,Locus_COI_Fwd,noprimer_,20618
PCR8_NNNNTACACGCT,Locus_COI_Rev,noprimer_,17700
PCR8_NNNNTACAGTAC,Locus_COI_Fwd,noprimer_,14842
PCR8_NNNNTACAGTAC,Locus_COI_Rev,noprimer_,7118
PCR8_NNNNTCAGTCAC,Locus_COI_Fwd,noprimer_,34998
PCR8_NNNNTCAGTCAC,Locus_COI_Rev,noprimer_,19639
PCR8_NNNNTCATATAC,Locus_COI_Fwd,noprimer_,14268
PCR8_NNNNTCATATAC,Locus_COI_Rev,noprimer_,5458
PCR8_NNNNTCGACTCT,Locus_COI_Fwd,noprimer_,17926
PCR8_NNNNTCGACTCT,Locus_COI_Rev,noprimer_,13669
PCR8_NNNNTCGTGCTC,Locus_COI_Fwd,noprimer_,46081
PCR8_NNNNTCGTGCTC,Locus_COI_Rev,noprimer_,27814
PCR8_NNNNTGCTGCAC,Locus_COI_Fwd,noprimer_,42439
PCR8_NNNNTGCTGCAC,Locus_COI_Rev,noprimer_,29182
PCR8_NNNNTGTCATGT,Locus_COI_Fwd,noprimer_,34514
PCR8_NNNNTGTCATGT,Locus_COI_Rev,noprimer_,22874
PCR8_NNNNTGTCTATC,Locus_COI_Fwd,noprimer_,11526
PCR8_NNNNTGTCTATC,Locus_COI_Rev,noprimer_,6411
PCR8_NNNTCATCTGA,Locus_COI_Fwd,noprimer_,14099
PCR8_NNNTCATCTGA,Locus_COI_Rev,noprimer_,8847
PCR8_NNNTGTACAGC,Locus_COI_Fwd,noprimer_,39307
PCR8_NNNTGTACAGC,Locus_COI_Rev,noprimer_,32575
PCR8_NNNTGTATCGT,Locus_COI_Fwd,noprimer_,31578
PCR8_NNNTGTATCGT,Locus_COI_Rev,noprimer_,19461
PCR8_NNTAGCAGTG,Locus_COI_Fwd,noprimer_,35771
PCR8_NNTAGCAGTG,Locus_COI_Rev,noprimer_,24956
PCR8_NNTAGCGATA,Locus_COI_Fwd,noprimer_,32696
PCR8_NNTAGCGATA,Locus_COI_Rev,noprimer_,13361
PCR8_NNTCAGCTCG,Locus_COI_Fwd,noprimer_,57485
PCR8_NNTCAGCTCG,Locus_COI_Rev,noprimer_,45002
PCR8_NNTCAGTATA,Locus_COI_Fwd,noprimer_,18482
PCR8_NNTCAGTATA,Locus_COI_Rev,noprimer_,6091
PCR8_NNTCATACGT,Locus_COI_Fwd,noprimer_,32906
PCR8_NNTCATACGT,Locus_COI_Rev,noprimer_,20825
PCR8_NNTGCTCAGA,Locus_COI_Fwd,noprimer_,47908
PCR8_NNTGCTCAGA,Locus_COI_Rev,noprimer_,27508
PCR8_NNTGCTCGAT,Locus_COI_Fwd,noprimer_,53061
PCR8_NNTGCTCGAT,Locus_COI_Rev,noprimer_,32634
PCR8_NNTGTACTAT,Locus_COI_Fwd,noprimer_,17683
PCR8_NNTGTACTAT,Locus_COI_Rev,noprimer_,9540
PCR8_NNTGTAGACT,Locus_COI_Fwd,noprimer_,19434
PCR8_NNTGTAGACT,Locus_COI_Rev,noprimer_,13650
PCR8_NNTGTAGCTA,Locus_COI_Fwd,noprimer_,29395
PCR8_NNTGTAGCTA,Locus_COI_Rev,noprimer_,18506
PCR8_NNTGTATGCA,Locus_COI_Fwd,noprimer_,37453
PCR8_NNTGTATGCA,Locus_COI_Rev,noprimer_,19769
PCR8_NNTGTCACAC,Locus_COI_Fwd,noprimer_,41930
PCR8_NNTGTCACAC,Locus_COI_Rev,noprimer_,23629
PCR8_NNTGTCAGTA,Locus_COI_Fwd,noprimer_,39274
PCR8_NNTGTCAGTA,Locus_COI_Rev,noprimer_,20657
